time,open,high,low,close,Up Trend,UpTrend Begins,Buy,Down Trend,DownTrend Begins,Sell,
2022-09-12T15:23:00+09:00,143.422,143.434,143.379,143.391,NaN,NaN,NaN,143.4584494593739,143.4584494593739,143.4584494593739,143.4065
2022-09-12T15:24:00+09:00,143.391,143.397,143.382,143.384,NaN,NaN,NaN,143.43435956749911,NaN,NaN,143.3885
2022-09-12T15:25:00+09:00,143.384,143.391,143.346,143.346,NaN,NaN,NaN,143.41428765399928,NaN,NaN,143.36675
2022-09-12T15:26:00+09:00,143.346,143.375,143.334,143.36599999999999,NaN,NaN,NaN,143.40015012319944,NaN,NaN,143.35525
2022-09-12T15:27:00+09:00,143.36599999999999,143.414,143.355,143.403,143.34464043250088,143.34464043250088,143.34464043250088,NaN,NaN,NaN,143.3845
2022-09-12T15:28:00+09:00,143.403,143.403,143.346,143.374,143.34464043250088,NaN,NaN,NaN,NaN,NaN,143.3815
2022-09-12T15:29:00+09:00,143.374,143.376,143.355,143.36499999999998,143.34464043250088,NaN,NaN,NaN,NaN,NaN,143.3675
2022-09-12T15:30:00+09:00,143.36499999999998,143.36499999999998,143.31799999999998,143.319,NaN,NaN,NaN,143.38890565046248,143.38890565046248,143.38890565046248,143.34175
2022-09-12T15:31:00+09:00,143.319,143.35999999999999,143.30599999999998,143.339,NaN,NaN,NaN,143.38280452036997,NaN,NaN,143.331
2022-09-12T15:32:00+09:00,143.339,143.34,143.295,143.29999999999998,NaN,NaN,NaN,143.36724361629598,NaN,NaN,143.31849999999997
2022-09-12T15:33:00+09:00,143.29999999999998,143.331,143.297,143.303,NaN,NaN,NaN,143.36127489303678,NaN,NaN,143.30775
2022-09-12T15:34:00+09:00,143.303,143.33599999999998,143.297,143.301,NaN,NaN,NaN,143.36127489303678,NaN,NaN,143.30925000000002
2022-09-12T15:35:00+09:00,143.301,143.307,143.284,143.301,NaN,NaN,NaN,143.33767993154356,NaN,NaN,143.29825
2022-09-12T15:36:00+09:00,143.301,143.352,143.301,143.34099999999998,143.28319547962997,143.28319547962997,143.28319547962997,NaN,NaN,NaN,143.32375
2022-09-12T15:37:00+09:00,143.34099999999998,143.374,143.34,143.351,143.31354884381213,NaN,NaN,NaN,NaN,NaN,143.3515
2022-09-12T15:38:00+09:00,143.351,143.374,143.34799999999998,143.369,143.3205190750497,NaN,NaN,NaN,NaN,NaN,143.3605
2022-09-12T15:39:00+09:00,143.369,143.41299999999998,143.369,143.403,143.34893526003975,NaN,NaN,NaN,NaN,NaN,143.3885
2022-09-12T15:40:00+09:00,143.403,143.41,143.386,143.397,143.3590682080318,NaN,NaN,NaN,NaN,NaN,143.399
2022-09-12T15:41:00+09:00,143.397,143.438,143.38899999999998,143.427,143.37157456642544,NaN,NaN,NaN,NaN,NaN,143.41275
2022-09-12T15:42:00+09:00,143.427,143.432,143.32999999999998,143.331,NaN,NaN,NaN,143.4369317919682,143.4369317919682,143.4369317919682,143.38
2022-09-12T15:43:00+09:00,143.331,143.346,143.298,143.301,NaN,NaN,NaN,143.3773442774877,NaN,NaN,143.31900000000002
2022-09-12T15:44:00+09:00,143.301,143.32899999999998,143.28799999999998,143.325,NaN,NaN,NaN,143.36179542199014,NaN,NaN,143.31074999999998
2022-09-12T15:45:00+09:00,143.325,143.325,143.274,143.277,NaN,NaN,NaN,143.35335633759212,NaN,NaN,143.30025
2022-09-12T15:46:00+09:00,143.277,143.289,143.257,143.28,NaN,NaN,NaN,143.3231250700737,NaN,NaN,143.27575
2022-09-12T15:47:00+09:00,143.28,143.283,143.251,143.256,NaN,NaN,NaN,143.31414005605896,NaN,NaN,143.26749999999998
2022-09-12T15:48:00+09:00,143.256,143.268,143.236,143.266,NaN,NaN,NaN,143.29675204484718,NaN,NaN,143.2565
2022-09-12T15:49:00+09:00,143.266,143.268,143.22899999999998,143.257,NaN,NaN,NaN,143.2928816358777,NaN,NaN,143.255
2022-09-12T15:50:00+09:00,143.257,143.26,143.214,143.224,NaN,NaN,NaN,143.2826253087022,NaN,NaN,143.23874999999998
2022-09-12T15:51:00+09:00,143.224,143.24599999999998,143.209,143.22,NaN,NaN,NaN,143.27214024696173,NaN,NaN,143.22475
2022-09-12T15:52:00+09:00,143.22,143.22,143.184,143.185,NaN,NaN,NaN,143.2456321975694,NaN,NaN,143.20225
2022-09-12T15:53:00+09:00,143.185,143.18599999999998,143.165,143.166,NaN,NaN,NaN,143.2150257580555,NaN,NaN,143.1755
2022-09-12T15:54:00+09:00,143.166,143.17999999999998,143.152,143.154,NaN,NaN,NaN,143.2037806064444,NaN,NaN,143.163
2022-09-12T15:55:00+09:00,143.154,143.158,143.12699999999998,143.136,NaN,NaN,NaN,143.1795444851555,NaN,NaN,143.14374999999998
2022-09-12T15:56:00+09:00,143.136,143.13799999999998,143.052,143.07,NaN,NaN,NaN,143.1435555881244,NaN,NaN,143.099
2022-09-12T15:57:00+09:00,143.07,143.112,143.07,143.08499999999998,NaN,NaN,NaN,143.13908447049954,NaN,NaN,143.08425
2022-09-12T15:58:00+09:00,143.08499999999998,143.09,143.04999999999998,143.05499999999998,NaN,NaN,NaN,143.11726757639963,NaN,NaN,143.06999999999996
2022-09-12T15:59:00+09:00,143.05499999999998,143.05599999999998,142.958,142.993,NaN,NaN,NaN,143.06637406111972,NaN,NaN,143.01549999999997
2022-09-12T16:00:00+09:00,142.993,143.047,142.976,143.02499999999998,NaN,NaN,NaN,143.06637406111972,NaN,NaN,143.01024999999998
2022-09-12T16:01:00+09:00,143.02499999999998,143.051,142.975,143.001,NaN,NaN,NaN,143.06637406111972,NaN,NaN,143.01299999999998
2022-09-12T16:02:00+09:00,143.001,143.005,142.862,142.87699999999998,NaN,NaN,NaN,143.01873231929326,NaN,NaN,142.93624999999997
2022-09-12T16:03:00+09:00,142.87699999999998,142.926,142.874,142.91,NaN,NaN,NaN,142.9796258554346,NaN,NaN,142.89675
2022-09-12T16:04:00+09:00,142.91,142.922,142.875,142.878,NaN,NaN,NaN,142.9725406843477,NaN,NaN,142.89625
2022-09-12T16:05:00+09:00,142.878,142.93099999999998,142.83599999999998,142.92999999999998,NaN,NaN,NaN,142.96363254747814,NaN,NaN,142.89374999999998
2022-09-12T16:06:00+09:00,142.92999999999998,142.99099999999999,142.911,142.97799999999998,142.86929396201748,142.86929396201748,142.86929396201748,NaN,NaN,NaN,142.9525
2022-09-12T16:07:00+09:00,142.97799999999998,142.97899999999998,142.923,142.926,142.873315169614,NaN,NaN,NaN,NaN,NaN,142.9515
2022-09-12T16:08:00+09:00,142.926,142.928,142.861,142.861,NaN,NaN,NaN,142.9713878643088,142.9713878643088,142.9713878643088,142.894
2022-09-12T16:09:00+09:00,142.861,142.92,142.81699999999998,142.91199999999998,NaN,NaN,NaN,142.95267029144705,NaN,NaN,142.8775
2022-09-12T16:10:00+09:00,142.91199999999998,142.914,142.827,142.864,NaN,NaN,NaN,142.95267029144705,NaN,NaN,142.87924999999998
2022-09-12T16:11:00+09:00,142.864,142.91799999999998,142.84699999999998,142.87099999999998,NaN,NaN,NaN,142.95267029144705,NaN,NaN,142.875
2022-09-12T16:12:00+09:00,142.87099999999998,142.87199999999999,142.809,142.839,NaN,NaN,NaN,142.92220078922088,NaN,NaN,142.84774999999996
2022-09-12T16:13:00+09:00,142.839,142.903,142.837,142.893,NaN,NaN,NaN,142.92220078922088,NaN,NaN,142.868
2022-09-12T16:14:00+09:00,142.893,142.90099999999998,142.84799999999998,142.85999999999999,NaN,NaN,NaN,142.92220078922088,NaN,NaN,142.8755
2022-09-12T16:15:00+09:00,142.85999999999999,142.893,142.84799999999998,142.85299999999998,NaN,NaN,NaN,142.92220078922088,NaN,NaN,142.8635
2022-09-12T16:16:00+09:00,142.85299999999998,142.923,142.832,142.916,NaN,NaN,NaN,142.92220078922088,NaN,NaN,142.88099999999997
2022-09-12T16:17:00+09:00,142.916,142.926,142.892,142.909,NaN,NaN,NaN,142.92220078922088,NaN,NaN,142.91075
2022-09-12T16:18:00+09:00,142.909,142.91,142.74099999999999,142.75799999999998,NaN,NaN,NaN,142.9174968212895,NaN,NaN,142.8295
2022-09-12T16:19:00+09:00,142.75799999999998,142.78799999999998,142.727,142.743,NaN,NaN,NaN,142.8445174570316,NaN,NaN,142.75399999999996
2022-09-12T16:20:00+09:00,142.743,142.767,142.714,142.749,NaN,NaN,NaN,142.82177396562528,NaN,NaN,142.74325
2022-09-12T16:21:00+09:00,142.749,142.768,142.67499999999998,142.725,NaN,NaN,NaN,142.80697917250023,NaN,NaN,142.72925
2022-09-12T16:22:00+09:00,142.725,142.739,142.66799999999998,142.677,NaN,NaN,NaN,142.7875033380002,NaN,NaN,142.70225
2022-09-12T16:23:00+09:00,142.677,142.709,142.673,142.708,NaN,NaN,NaN,142.76612267040016,NaN,NaN,142.69174999999998
2022-09-12T16:24:00+09:00,142.708,142.73499999999999,142.65599999999998,142.659,NaN,NaN,NaN,142.76612267040016,NaN,NaN,142.68949999999998
2022-09-12T16:25:00+09:00,142.659,142.689,142.626,142.666,NaN,NaN,NaN,142.7333425090561,NaN,NaN,142.65999999999997
2022-09-12T16:26:00+09:00,142.666,142.72899999999998,142.666,142.713,NaN,NaN,NaN,142.7333425090561,NaN,NaN,142.6935
2022-09-12T16:27:00+09:00,142.713,142.74699999999999,142.70499999999998,142.731,NaN,NaN,NaN,142.7333425090561,NaN,NaN,142.724
2022-09-12T16:28:00+09:00,142.731,142.754,142.689,142.74699999999999,142.6571327942041,142.6571327942041,142.6571327942041,NaN,NaN,NaN,142.73024999999998
2022-09-12T16:29:00+09:00,142.74699999999999,142.74699999999999,142.678,142.709,142.6571327942041,NaN,NaN,NaN,NaN,NaN,142.72025
2022-09-12T16:30:00+09:00,142.709,142.753,142.695,142.714,142.6571327942041,NaN,NaN,NaN,NaN,NaN,142.71775
2022-09-12T16:31:00+09:00,142.714,142.76399999999998,142.70399999999998,142.70399999999998,142.66534719250598,NaN,NaN,NaN,NaN,NaN,142.72149999999996
2022-09-12T16:32:00+09:00,142.70399999999998,142.796,142.703,142.79,142.6741177540048,NaN,NaN,NaN,NaN,NaN,142.74824999999998
2022-09-12T16:33:00+09:00,142.79,142.83499999999998,142.777,142.831,142.73293420320383,NaN,NaN,NaN,NaN,NaN,142.80825
2022-09-12T16:34:00+09:00,142.831,142.831,142.79299999999998,142.82,142.74518736256306,NaN,NaN,NaN,NaN,NaN,142.81874999999997
2022-09-12T16:35:00+09:00,142.82,142.82899999999998,142.786,142.797,142.74518736256306,NaN,NaN,NaN,NaN,NaN,142.808
2022-09-12T16:36:00+09:00,142.797,142.81099999999998,142.78,142.786,142.74518736256306,NaN,NaN,NaN,NaN,NaN,142.7935
2022-09-12T16:37:00+09:00,142.786,142.84099999999998,142.773,142.82899999999998,142.7463215296323,NaN,NaN,NaN,NaN,NaN,142.80724999999998
2022-09-12T16:38:00+09:00,142.82899999999998,142.844,142.795,142.834,142.76017722370585,NaN,NaN,NaN,NaN,NaN,142.82549999999998
2022-09-12T16:39:00+09:00,142.834,142.84699999999998,142.808,142.84699999999998,142.77146177896466,NaN,NaN,NaN,NaN,NaN,142.834
2022-09-12T16:40:00+09:00,142.84699999999998,142.882,142.84699999999998,142.869,142.81196942317172,NaN,NaN,NaN,NaN,NaN,142.86124999999998
2022-09-12T16:41:00+09:00,142.869,142.87,142.82,142.844,142.81196942317172,NaN,NaN,NaN,NaN,NaN,142.85075
2022-09-12T16:42:00+09:00,142.844,142.84699999999998,142.797,142.808,NaN,NaN,NaN,142.87541956917008,142.87541956917008,142.87541956917008,142.82399999999998
2022-09-12T16:43:00+09:00,142.808,142.826,142.796,142.816,NaN,NaN,NaN,142.86033565533606,NaN,NaN,142.8115
2022-09-12T16:44:00+09:00,142.816,142.84699999999998,142.78799999999998,142.80599999999998,NaN,NaN,NaN,142.86033565533606,NaN,NaN,142.81425000000002
2022-09-12T16:45:00+09:00,142.80599999999998,142.897,142.80599999999998,142.88299999999998,142.7895211805849,142.7895211805849,142.7895211805849,NaN,NaN,NaN,142.84799999999998
2022-09-12T16:46:00+09:00,142.88299999999998,142.91299999999998,142.86599999999999,142.88299999999998,142.82957694446793,NaN,NaN,NaN,NaN,NaN,142.88624999999996
2022-09-12T16:47:00+09:00,142.88299999999998,142.88299999999998,142.852,142.875,142.82957694446793,NaN,NaN,NaN,NaN,NaN,142.87324999999998
2022-09-12T16:48:00+09:00,142.875,142.884,142.85299999999998,142.857,142.82957694446793,NaN,NaN,NaN,NaN,NaN,142.86724999999998
2022-09-12T16:49:00+09:00,142.857,142.879,142.822,142.831,142.82957694446793,NaN,NaN,NaN,NaN,NaN,142.84725
2022-09-12T16:50:00+09:00,142.831,142.851,142.81099999999998,142.81699999999998,NaN,NaN,NaN,142.88223312354592,142.88223312354592,142.88223312354592,142.8275
2022-09-12T16:51:00+09:00,142.81699999999998,142.833,142.792,142.822,NaN,NaN,NaN,142.86250649883675,NaN,NaN,142.816
2022-09-12T16:52:00+09:00,142.822,142.855,142.822,142.831,NaN,NaN,NaN,142.86250649883675,NaN,NaN,142.8325
2022-09-12T16:53:00+09:00,142.831,142.846,142.82899999999998,142.846,NaN,NaN,NaN,142.86250649883675,NaN,NaN,142.838
2022-09-12T16:54:00+09:00,142.846,142.851,142.773,142.778,NaN,NaN,NaN,142.86240172740443,NaN,NaN,142.812
2022-09-12T16:55:00+09:00,142.778,142.78099999999998,142.72899999999998,142.74099999999999,NaN,NaN,NaN,142.80676138192354,NaN,NaN,142.75725
2022-09-12T16:56:00+09:00,142.74099999999999,142.748,142.714,142.74599999999998,NaN,NaN,NaN,142.7798891055388,NaN,NaN,142.73725
2022-09-12T16:57:00+09:00,142.74599999999998,142.783,142.74599999999998,142.76899999999998,NaN,NaN,NaN,142.7798891055388,NaN,NaN,142.761
2022-09-12T16:58:00+09:00,142.76899999999998,142.789,142.759,142.759,NaN,NaN,NaN,142.7798891055388,NaN,NaN,142.769
2022-09-12T16:59:00+09:00,142.759,142.768,142.715,142.767,NaN,NaN,NaN,142.7798891055388,NaN,NaN,142.75225
2022-09-12T17:00:00+09:00,142.767,142.84099999999998,142.754,142.82899999999998,142.74061534237129,142.74061534237129,142.74061534237129,NaN,NaN,NaN,142.79774999999998
2022-09-12T17:01:00+09:00,142.82899999999998,142.831,142.67999999999998,142.67999999999998,NaN,NaN,NaN,142.83422772610294,142.83422772610294,142.83422772610294,142.75499999999997
2022-09-12T17:02:00+09:00,142.67999999999998,142.757,142.67999999999998,142.725,NaN,NaN,NaN,142.79842218088237,NaN,NaN,142.7105
2022-09-12T17:03:00+09:00,142.725,142.749,142.665,142.67,NaN,NaN,NaN,142.7894177447059,NaN,NaN,142.70225
2022-09-12T17:04:00+09:00,142.67,142.755,142.64399999999998,142.748,NaN,NaN,NaN,142.7894177447059,NaN,NaN,142.70425
2022-09-12T17:05:00+09:00,142.748,142.766,142.73499999999999,142.755,NaN,NaN,NaN,142.7894177447059,NaN,NaN,142.751
2022-09-12T17:06:00+09:00,142.755,142.784,142.75199999999998,142.772,NaN,NaN,NaN,142.7894177447059,NaN,NaN,142.76574999999997
2022-09-12T17:07:00+09:00,142.772,142.77599999999998,142.708,142.756,NaN,NaN,NaN,142.7894177447059,NaN,NaN,142.753
2022-09-12T17:08:00+09:00,142.756,142.82899999999998,142.756,142.82899999999998,142.71946548141477,142.71946548141477,142.71946548141477,NaN,NaN,NaN,142.7925
2022-09-12T17:09:00+09:00,142.82899999999998,142.88,142.822,142.852,142.77981238513183,NaN,NaN,NaN,NaN,NaN,142.84574999999998
2022-09-12T17:10:00+09:00,142.852,142.881,142.84,142.868,142.79452990810546,NaN,NaN,NaN,NaN,NaN,142.86025
2022-09-12T17:11:00+09:00,142.868,142.87699999999998,142.849,142.868,142.80406392648436,NaN,NaN,NaN,NaN,NaN,142.8655
2022-09-12T17:12:00+09:00,142.868,142.905,142.864,142.89499999999998,142.8283311411875,NaN,NaN,NaN,NaN,NaN,142.883
2022-09-12T17:13:00+09:00,142.89499999999998,142.93599999999998,142.878,142.90699999999998,142.84930491294998,NaN,NaN,NaN,NaN,NaN,142.904
2022-09-12T17:14:00+09:00,142.90699999999998,142.915,142.88299999999998,142.89,142.84930491294998,NaN,NaN,NaN,NaN,NaN,142.89875
2022-09-12T17:15:00+09:00,142.89,142.915,142.86499999999998,142.87099999999998,142.84930491294998,NaN,NaN,NaN,NaN,NaN,142.88524999999998
2022-09-12T17:16:00+09:00,142.87099999999998,142.932,142.86499999999998,142.86499999999998,142.84930491294998,NaN,NaN,NaN,NaN,NaN,142.88325
2022-09-12T17:17:00+09:00,142.86499999999998,142.87699999999998,142.843,142.869,142.84930491294998,NaN,NaN,NaN,NaN,NaN,142.8635
2022-09-12T17:18:00+09:00,142.869,142.939,142.867,142.91,142.84930491294998,NaN,NaN,NaN,NaN,NaN,142.89624999999998
2022-09-12T17:19:00+09:00,142.91,142.96099999999998,142.90599999999998,142.92499999999998,142.87445703190033,NaN,NaN,NaN,NaN,NaN,142.92549999999997
2022-09-12T17:20:00+09:00,142.92499999999998,142.951,142.899,142.90599999999998,142.87445703190033,NaN,NaN,NaN,NaN,NaN,142.92024999999998
2022-09-12T17:21:00+09:00,142.90599999999998,142.923,142.862,142.862,NaN,NaN,NaN,142.95285949958375,142.95285949958375,142.95285949958375,142.88824999999997
2022-09-12T17:22:00+09:00,142.862,142.87099999999998,142.802,142.81099999999998,NaN,NaN,NaN,142.899967599667,NaN,NaN,142.8365
2022-09-12T17:23:00+09:00,142.81099999999998,142.838,142.80599999999998,142.813,NaN,NaN,NaN,142.87981407973362,NaN,NaN,142.817
2022-09-12T17:24:00+09:00,142.813,142.814,142.79299999999998,142.802,NaN,NaN,NaN,142.85437126378687,NaN,NaN,142.8055
2022-09-12T17:25:00+09:00,142.802,142.82899999999998,142.79999999999998,142.827,NaN,NaN,NaN,142.85437126378687,NaN,NaN,142.81449999999998
2022-09-12T17:26:00+09:00,142.827,142.861,142.827,142.839,NaN,NaN,NaN,142.85437126378687,NaN,NaN,142.8385
2022-09-12T17:27:00+09:00,142.839,142.849,142.816,142.83599999999998,NaN,NaN,NaN,142.85437126378687,NaN,NaN,142.835
2022-09-12T17:28:00+09:00,142.83599999999998,142.83599999999998,142.808,142.808,NaN,NaN,NaN,142.85437126378687,NaN,NaN,142.822
2022-09-12T17:29:00+09:00,142.808,142.826,142.792,142.79299999999998,NaN,NaN,NaN,142.84916690371767,NaN,NaN,142.80475
2022-09-12T17:30:00+09:00,142.79299999999998,142.801,142.749,142.76299999999998,NaN,NaN,NaN,142.81857352297413,NaN,NaN,142.7765
2022-09-12T17:31:00+09:00,142.76299999999998,142.77499999999998,142.743,142.757,NaN,NaN,NaN,142.8008988183793,NaN,NaN,142.7595
2022-09-12T17:32:00+09:00,142.757,142.76399999999998,142.733,142.748,NaN,NaN,NaN,142.78883905470343,NaN,NaN,142.7505
2022-09-12T17:33:00+09:00,142.748,142.807,142.744,142.784,NaN,NaN,NaN,142.78883905470343,NaN,NaN,142.77075
2022-09-12T17:34:00+09:00,142.784,142.784,142.76,142.767,NaN,NaN,NaN,142.78883905470343,NaN,NaN,142.77375
2022-09-12T17:35:00+09:00,142.767,142.792,142.74599999999998,142.756,NaN,NaN,NaN,142.78883905470343,NaN,NaN,142.76524999999998
2022-09-12T17:36:00+09:00,142.756,142.78099999999998,142.73999999999998,142.78099999999998,NaN,NaN,NaN,142.78883905470343,NaN,NaN,142.76449999999997
2022-09-12T17:37:00+09:00,142.78099999999998,142.79999999999998,142.76999999999998,142.79899999999998,142.74310848255473,142.74310848255473,142.74310848255473,NaN,NaN,NaN,142.78749999999997
2022-09-12T17:38:00+09:00,142.79899999999998,142.803,142.78199999999998,142.796,142.75436678604382,NaN,NaN,NaN,NaN,NaN,142.795
2022-09-12T17:39:00+09:00,142.796,142.802,142.77599999999998,142.79299999999998,142.75436678604382,NaN,NaN,NaN,NaN,NaN,142.79174999999998
2022-09-12T17:40:00+09:00,142.79299999999998,142.795,142.754,142.767,142.75436678604382,NaN,NaN,NaN,NaN,NaN,142.77724999999998
2022-09-12T17:41:00+09:00,142.767,142.792,142.754,142.768,142.75436678604382,NaN,NaN,NaN,NaN,NaN,142.77025
2022-09-12T17:42:00+09:00,142.768,142.768,142.647,142.685,NaN,NaN,NaN,142.76512880443644,142.76512880443644,142.76512880443644,142.71699999999998
2022-09-12T17:43:00+09:00,142.685,142.71099999999998,142.682,142.70499999999998,NaN,NaN,NaN,142.74898304354915,NaN,NaN,142.69574999999998
2022-09-12T17:44:00+09:00,142.70499999999998,142.73999999999998,142.70499999999998,142.731,NaN,NaN,NaN,142.74898304354915,NaN,NaN,142.72024999999996
2022-09-12T17:45:00+09:00,142.731,142.737,142.707,142.726,NaN,NaN,NaN,142.74898304354915,NaN,NaN,142.72525
2022-09-12T17:46:00+09:00,142.726,142.727,142.693,142.695,NaN,NaN,NaN,142.74898304354915,NaN,NaN,142.71024999999997
2022-09-12T17:47:00+09:00,142.695,142.698,142.627,142.627,NaN,NaN,NaN,142.71376745463775,NaN,NaN,142.66175
2022-09-12T17:48:00+09:00,142.627,142.686,142.605,142.669,NaN,NaN,NaN,142.70433396371018,NaN,NaN,142.64675
2022-09-12T17:49:00+09:00,142.669,142.699,142.668,142.683,NaN,NaN,NaN,142.70433396371018,NaN,NaN,142.67975
2022-09-12T17:50:00+09:00,142.683,142.733,142.683,142.726,142.65389026322546,142.65389026322546,142.65389026322546,NaN,NaN,NaN,142.70625
2022-09-12T17:51:00+09:00,142.726,142.747,142.721,142.727,142.6849922105804,NaN,NaN,NaN,NaN,NaN,142.73025
2022-09-12T17:52:00+09:00,142.727,142.728,142.692,142.721,142.6849922105804,NaN,NaN,NaN,NaN,NaN,142.717
2022-09-12T17:53:00+09:00,142.721,142.721,142.661,142.68,NaN,NaN,NaN,142.74190098522857,142.74190098522857,142.74190098522857,142.69575
2022-09-12T17:54:00+09:00,142.68,142.686,142.672,142.679,NaN,NaN,NaN,142.72280078818287,NaN,NaN,142.67925
2022-09-12T17:55:00+09:00,142.679,142.685,142.623,142.623,NaN,NaN,NaN,142.70268063054627,NaN,NaN,142.6525
2022-09-12T17:56:00+09:00,142.623,142.714,142.612,142.714,142.60161549556298,142.60161549556298,142.60161549556298,NaN,NaN,NaN,142.66575
2022-09-12T17:57:00+09:00,142.714,142.714,142.684,142.686,142.6432923964504,NaN,NaN,NaN,NaN,NaN,142.6995
2022-09-12T17:58:00+09:00,142.686,142.709,142.683,142.706,142.6457139171603,NaN,NaN,NaN,NaN,NaN,142.696
2022-09-12T17:59:00+09:00,142.706,142.706,142.659,142.686,142.6457139171603,NaN,NaN,NaN,NaN,NaN,142.68925
2022-09-12T18:00:00+09:00,142.686,142.71,142.683,142.683,142.6501049069826,NaN,NaN,NaN,NaN,NaN,142.6905
2022-09-12T18:01:00+09:00,142.683,142.684,142.669,142.677,142.6501049069826,NaN,NaN,NaN,NaN,NaN,142.67825
2022-09-12T18:02:00+09:00,142.677,142.702,142.667,142.699,142.6501049069826,NaN,NaN,NaN,NaN,NaN,142.68625000000003
2022-09-12T18:03:00+09:00,142.699,142.715,142.619,142.627,NaN,NaN,NaN,142.71691607441392,142.71691607441392,142.71691607441392,142.66500000000002
2022-09-12T18:04:00+09:00,142.627,142.635,142.582,142.625,NaN,NaN,NaN,142.66267703009993,NaN,NaN,142.61725
2022-09-12T18:05:00+09:00,142.625,142.735,142.624,142.726,142.61173837592008,142.61173837592008,142.61173837592008,NaN,NaN,NaN,142.6775
2022-09-12T18:06:00+09:00,142.726,142.752,142.705,142.745,142.66395070073605,NaN,NaN,NaN,NaN,NaN,142.732
2022-09-12T18:07:00+09:00,142.745,142.745,142.698,142.711,142.66395070073605,NaN,NaN,NaN,NaN,NaN,142.72475
2022-09-12T18:08:00+09:00,142.711,142.733,142.711,142.728,142.66757644847107,NaN,NaN,NaN,NaN,NaN,142.72075
2022-09-12T18:09:00+09:00,142.728,142.752,142.718,142.742,142.68398115877687,NaN,NaN,NaN,NaN,NaN,142.73499999999999
2022-09-12T18:10:00+09:00,142.742,142.776,142.726,142.772,142.6991849270215,NaN,NaN,NaN,NaN,NaN,142.75400000000002
2022-09-12T18:11:00+09:00,142.772,142.772,142.738,142.748,142.7060679416172,NaN,NaN,NaN,NaN,NaN,142.7575
2022-09-12T18:12:00+09:00,142.748,142.789,142.746,142.781,142.71889435329373,NaN,NaN,NaN,NaN,NaN,142.76600000000002
2022-09-12T18:13:00+09:00,142.781,142.782,142.751,142.77,142.720795482635,NaN,NaN,NaN,NaN,NaN,142.771
2022-09-12T18:14:00+09:00,142.76999999999998,142.784,142.708,142.713,NaN,NaN,NaN,142.799283613892,142.799283613892,142.799283613892,142.74374999999998
2022-09-12T18:15:00+09:00,142.713,142.736,142.708,142.718,NaN,NaN,NaN,142.77078689111357,NaN,NaN,142.71874999999997
2022-09-12T18:16:00+09:00,142.718,142.736,142.706,142.706,NaN,NaN,NaN,142.7666295128909,NaN,NaN,142.7165
2022-09-12T18:17:00+09:00,142.706,142.73499999999999,142.702,142.702,NaN,NaN,NaN,142.76226361031271,NaN,NaN,142.71125
2022-09-12T18:18:00+09:00,142.702,142.724,142.679,142.679,NaN,NaN,NaN,142.74641088825015,NaN,NaN,142.696
2022-09-12T18:19:00+09:00,142.679,142.70999999999998,142.679,142.697,NaN,NaN,NaN,142.7372487106001,NaN,NaN,142.69125
2022-09-12T18:20:00+09:00,142.697,142.697,142.641,142.67499999999998,NaN,NaN,NaN,142.71551896848007,NaN,NaN,142.67749999999998
2022-09-12T18:21:00+09:00,142.67499999999998,142.719,142.67499999999998,142.703,NaN,NaN,NaN,142.71551896848007,NaN,NaN,142.69299999999998
2022-09-12T18:22:00+09:00,142.703,142.714,142.689,142.714,NaN,NaN,NaN,142.71551896848007,NaN,NaN,142.70499999999998
2022-09-12T18:23:00+09:00,142.714,142.742,142.712,142.733,142.68598708813815,142.68598708813815,142.68598708813815,NaN,NaN,NaN,142.72525000000002
2022-09-12T18:24:00+09:00,142.733,142.76999999999998,142.72799999999998,142.76999999999998,142.7069496705105,NaN,NaN,NaN,NaN,NaN,142.75025
2022-09-12T18:25:00+09:00,142.76999999999998,142.785,142.761,142.77599999999998,142.73407973640843,NaN,NaN,NaN,NaN,NaN,142.77299999999997
2022-09-12T18:26:00+09:00,142.77599999999998,142.785,142.75199999999998,142.76,142.73407973640843,NaN,NaN,NaN,NaN,NaN,142.76825
2022-09-12T18:27:00+09:00,142.76,142.76299999999998,142.732,142.736,142.73407973640843,NaN,NaN,NaN,NaN,NaN,142.74775
2022-09-12T18:28:00+09:00,142.736,142.74099999999999,142.69299999999998,142.715,NaN,NaN,NaN,142.75758957495887,142.75758957495887,142.75758957495887,142.72125
2022-09-12T18:29:00+09:00,142.715,142.72799999999998,142.648,142.655,NaN,NaN,NaN,142.7380716599671,NaN,NaN,142.6865
2022-09-12T18:30:00+09:00,142.655,142.702,142.654,142.673,NaN,NaN,NaN,142.72861732797367,NaN,NaN,142.671
2022-09-12T18:31:00+09:00,142.673,142.71699999999998,142.665,142.707,NaN,NaN,NaN,142.72861732797367,NaN,NaN,142.6905
2022-09-12T18:32:00+09:00,142.707,142.72,142.68699999999998,142.712,NaN,NaN,NaN,142.72861732797367,NaN,NaN,142.7065
2022-09-12T18:33:00+09:00,142.712,142.72,142.685,142.70499999999998,NaN,NaN,NaN,142.72861732797367,NaN,NaN,142.7055
2022-09-12T18:34:00+09:00,142.70499999999998,142.707,142.667,142.67,NaN,NaN,NaN,142.72861732797367,NaN,NaN,142.68724999999998
2022-09-12T18:35:00+09:00,142.67,142.672,142.606,142.606,NaN,NaN,NaN,142.69047723003044,NaN,NaN,142.6385
2022-09-12T18:36:00+09:00,142.606,142.628,142.581,142.618,NaN,NaN,NaN,142.65602178402432,NaN,NaN,142.60825
2022-09-12T18:37:00+09:00,142.618,142.626,142.589,142.60299999999998,NaN,NaN,NaN,142.65602178402432,NaN,NaN,142.609
2022-09-12T18:38:00+09:00,142.60299999999998,142.618,142.56799999999998,142.578,NaN,NaN,NaN,142.64348594177557,NaN,NaN,142.59175
2022-09-12T18:39:00+09:00,142.578,142.57899999999998,142.527,142.53799999999998,NaN,NaN,NaN,142.60482875342046,NaN,NaN,142.5555
2022-09-12T18:40:00+09:00,142.53799999999998,142.611,142.53799999999998,142.59199999999998,NaN,NaN,NaN,142.60482875342046,NaN,NaN,142.56975
2022-09-12T18:41:00+09:00,142.59199999999998,142.62699999999998,142.59099999999998,142.606,142.5550615978109,142.5550615978109,142.5550615978109,NaN,NaN,NaN,142.60399999999998
2022-09-12T18:42:00+09:00,142.606,142.606,142.571,142.599,142.5550615978109,NaN,NaN,NaN,NaN,NaN,142.59550000000002
2022-09-12T18:43:00+09:00,142.599,142.601,142.575,142.584,142.5550615978109,NaN,NaN,NaN,NaN,NaN,142.58974999999998
2022-09-12T18:44:00+09:00,142.584,142.59799999999998,142.57899999999998,142.59199999999998,142.5550615978109,NaN,NaN,NaN,NaN,NaN,142.58825
2022-09-12T18:45:00+09:00,142.59199999999998,142.629,142.57899999999998,142.62,142.55995963046334,NaN,NaN,NaN,NaN,NaN,142.605
2022-09-12T18:46:00+09:00,142.62,142.658,142.59699999999998,142.654,142.57884770437067,NaN,NaN,NaN,NaN,NaN,142.63225
2022-09-12T18:47:00+09:00,142.654,142.655,142.62699999999998,142.63799999999998,142.59591816349652,NaN,NaN,NaN,NaN,NaN,142.64349999999996
2022-09-12T18:48:00+09:00,142.63799999999998,142.649,142.617,142.63899999999998,142.59591816349652,NaN,NaN,NaN,NaN,NaN,142.63575
2022-09-12T18:49:00+09:00,142.63899999999998,142.653,142.63899999999998,142.648,142.60843562463776,NaN,NaN,NaN,NaN,NaN,142.64475
2022-09-12T18:50:00+09:00,142.648,142.69899999999998,142.647,142.69199999999998,142.63150849971024,NaN,NaN,NaN,NaN,NaN,142.67149999999998
2022-09-12T18:51:00+09:00,142.69199999999998,142.69899999999998,142.67,142.677,142.64492679976817,NaN,NaN,NaN,NaN,NaN,142.68449999999999
2022-09-12T18:52:00+09:00,142.677,142.69,142.664,142.679,142.64492679976817,NaN,NaN,NaN,NaN,NaN,142.67749999999998
2022-09-12T18:53:00+09:00,142.679,142.69299999999998,142.66199999999998,142.66199999999998,142.64492679976817,NaN,NaN,NaN,NaN,NaN,142.67399999999998
2022-09-12T18:54:00+09:00,142.66199999999998,142.69899999999998,142.66199999999998,142.694,142.64492679976817,NaN,NaN,NaN,NaN,NaN,142.67925
2022-09-12T18:55:00+09:00,142.694,142.695,142.683,142.68599999999998,142.65634537718503,NaN,NaN,NaN,NaN,NaN,142.6895
2022-09-12T18:56:00+09:00,142.68599999999998,142.697,142.672,142.691,142.65634537718503,NaN,NaN,NaN,NaN,NaN,142.6865
2022-09-12T18:57:00+09:00,142.691,142.721,142.691,142.71599999999998,142.67410104139844,NaN,NaN,NaN,NaN,NaN,142.70475000000002
2022-09-12T18:58:00+09:00,142.71599999999998,142.732,142.70399999999998,142.726,142.6863208331187,NaN,NaN,NaN,NaN,NaN,142.71949999999998
2022-09-12T18:59:00+09:00,142.726,142.726,142.71599999999998,142.726,142.693456666495,NaN,NaN,NaN,NaN,NaN,142.7235
2022-09-12T19:00:00+09:00,142.726,142.754,142.715,142.754,142.70388533319598,NaN,NaN,NaN,NaN,NaN,142.73725000000002
2022-09-12T19:01:00+09:00,142.754,142.783,142.754,142.767,142.73762826655678,NaN,NaN,NaN,NaN,NaN,142.7645
2022-09-12T19:02:00+09:00,142.767,142.795,142.75,142.78799999999998,142.7379026132454,NaN,NaN,NaN,NaN,NaN,142.775
2022-09-12T19:03:00+09:00,142.78799999999998,142.79299999999998,142.76899999999998,142.777,142.74804209059633,NaN,NaN,NaN,NaN,NaN,142.78175
2022-09-12T19:04:00+09:00,142.777,142.78099999999998,142.765,142.76899999999998,142.74804209059633,NaN,NaN,NaN,NaN,NaN,142.773
2022-09-12T19:05:00+09:00,142.76899999999998,142.816,142.76399999999998,142.801,142.75465093798167,NaN,NaN,NaN,NaN,NaN,142.78749999999997
2022-09-12T19:06:00+09:00,142.801,142.82999999999998,142.78799999999998,142.828,142.7714807503853,NaN,NaN,NaN,NaN,NaN,142.81175
2022-09-12T19:07:00+09:00,142.828,142.84799999999998,142.828,142.84699999999998,142.80358460030826,NaN,NaN,NaN,NaN,NaN,142.83775
2022-09-12T19:08:00+09:00,142.84699999999998,142.861,142.84199999999998,142.852,142.8197876802466,NaN,NaN,NaN,NaN,NaN,142.85049999999998
2022-09-12T19:09:00+09:00,142.852,142.858,142.81799999999998,142.83599999999998,142.8197876802466,NaN,NaN,NaN,NaN,NaN,142.841
2022-09-12T19:10:00+09:00,142.83599999999998,142.861,142.82299999999998,142.85899999999998,142.8197876802466,NaN,NaN,NaN,NaN,NaN,142.84474999999998
2022-09-12T19:11:00+09:00,142.85899999999998,142.868,142.84,142.84,142.8197876802466,NaN,NaN,NaN,NaN,NaN,142.85175
2022-09-12T19:12:00+09:00,142.84,142.846,142.832,142.84,142.8197876802466,NaN,NaN,NaN,NaN,NaN,142.83950000000002
2022-09-12T19:13:00+09:00,142.84,142.84,142.821,142.831,142.8197876802466,NaN,NaN,NaN,NaN,NaN,142.833
2022-09-12T19:14:00+09:00,142.831,142.84099999999998,142.802,142.82,142.8197876802466,NaN,NaN,NaN,NaN,NaN,142.82349999999997
2022-09-12T19:15:00+09:00,142.82,142.84,142.81199999999998,142.828,142.8197876802466,NaN,NaN,NaN,NaN,NaN,142.825
2022-09-12T19:16:00+09:00,142.828,142.843,142.826,142.83499999999998,142.8197876802466,NaN,NaN,NaN,NaN,NaN,142.83299999999997
2022-09-12T19:17:00+09:00,142.83499999999998,142.85299999999998,142.833,142.838,142.8197876802466,NaN,NaN,NaN,NaN,NaN,142.83974999999998
2022-09-12T19:18:00+09:00,142.838,142.844,142.831,142.837,142.8197876802466,NaN,NaN,NaN,NaN,NaN,142.8375
2022-09-12T19:19:00+09:00,142.837,142.845,142.81799999999998,142.81799999999998,NaN,NaN,NaN,142.8531701543494,142.8531701543494,142.8531701543494,142.8295
2022-09-12T19:20:00+09:00,142.81799999999998,142.85,142.81799999999998,142.85,NaN,NaN,NaN,142.8531701543494,NaN,NaN,142.834
2022-09-12T19:21:00+09:00,142.85,142.85399999999998,142.815,142.816,NaN,NaN,NaN,142.8531701543494,NaN,NaN,142.83374999999998
2022-09-12T19:22:00+09:00,142.816,142.851,142.81199999999998,142.832,NaN,NaN,NaN,142.8531701543494,NaN,NaN,142.82775
2022-09-12T19:23:00+09:00,142.832,142.832,142.804,142.815,NaN,NaN,NaN,142.85071180991577,NaN,NaN,142.82074999999998
2022-09-12T19:24:00+09:00,142.815,142.819,142.801,142.802,NaN,NaN,NaN,142.84012944793264,NaN,NaN,142.80925
2022-09-12T19:25:00+09:00,142.802,142.815,142.792,142.798,NaN,NaN,NaN,142.8326635583461,NaN,NaN,142.80175
2022-09-12T19:26:00+09:00,142.798,142.84199999999998,142.783,142.84199999999998,142.77618915332312,142.77618915332312,142.77618915332312,NaN,NaN,NaN,142.81625
2022-09-12T19:27:00+09:00,142.84199999999998,142.84699999999998,142.816,142.826,142.7956313226585,NaN,NaN,NaN,NaN,NaN,142.83275
2022-09-12T19:28:00+09:00,142.826,142.843,142.816,142.816,142.7956313226585,NaN,NaN,NaN,NaN,NaN,142.82525
2022-09-12T19:29:00+09:00,142.816,142.821,142.796,142.807,142.7956313226585,NaN,NaN,NaN,NaN,NaN,142.81
2022-09-12T19:30:00+09:00,142.807,142.821,142.79899999999998,142.819,142.7956313226585,NaN,NaN,NaN,NaN,NaN,142.8115
2022-09-12T19:31:00+09:00,142.819,142.819,142.79,142.79,NaN,NaN,NaN,142.83600509023907,142.83600509023907,142.83600509023907,142.8045
2022-09-12T19:32:00+09:00,142.79,142.79,142.731,142.74699999999999,NaN,NaN,NaN,142.79868407219124,NaN,NaN,142.7645
2022-09-12T19:33:00+09:00,142.74699999999999,142.75,142.712,142.718,NaN,NaN,NaN,142.769907257753,NaN,NaN,142.73174999999998
2022-09-12T19:34:00+09:00,142.718,142.73399999999998,142.69,142.72799999999998,NaN,NaN,NaN,142.7528058062024,NaN,NaN,142.7175
2022-09-12T19:35:00+09:00,142.72799999999998,142.745,142.725,142.725,NaN,NaN,NaN,142.7528058062024,NaN,NaN,142.73075
2022-09-12T19:36:00+09:00,142.725,142.72799999999998,142.70499999999998,142.71099999999998,NaN,NaN,NaN,142.75119571596954,NaN,NaN,142.71724999999998
2022-09-12T19:37:00+09:00,142.71099999999998,142.725,142.7,142.718,NaN,NaN,NaN,142.7457565727756,NaN,NaN,142.71349999999998
2022-09-12T19:38:00+09:00,142.718,142.731,142.706,142.715,NaN,NaN,NaN,142.7457565727756,NaN,NaN,142.7175
2022-09-12T19:39:00+09:00,142.715,142.715,142.697,142.713,NaN,NaN,NaN,142.73564420657644,NaN,NaN,142.71
2022-09-12T19:40:00+09:00,142.713,142.745,142.713,142.745,142.69824463473887,142.69824463473887,142.69824463473887,NaN,NaN,NaN,142.72899999999998
2022-09-12T19:41:00+09:00,142.745,142.745,142.70999999999998,142.71699999999998,142.69824463473887,NaN,NaN,NaN,NaN,NaN,142.72924999999998
2022-09-12T19:42:00+09:00,142.71699999999998,142.73499999999999,142.71699999999998,142.71699999999998,142.69824463473887,NaN,NaN,NaN,NaN,NaN,142.7215
2022-09-12T19:43:00+09:00,142.71699999999998,142.743,142.70999999999998,142.70999999999998,142.69824463473887,NaN,NaN,NaN,NaN,NaN,142.71999999999997
2022-09-12T19:44:00+09:00,142.70999999999998,142.72299999999998,142.654,142.654,NaN,NaN,NaN,142.72856219761093,142.72856219761093,142.72856219761093,142.68525
2022-09-12T19:45:00+09:00,142.654,142.689,142.646,142.68599999999998,NaN,NaN,NaN,142.70900975808877,NaN,NaN,142.66875
2022-09-12T19:46:00+09:00,142.68599999999998,142.69299999999998,142.655,142.66,NaN,NaN,NaN,142.70900975808877,NaN,NaN,142.6735
2022-09-12T19:47:00+09:00,142.66,142.67,142.64999999999998,142.664,NaN,NaN,NaN,142.69765424517678,NaN,NaN,142.661
2022-09-12T19:48:00+09:00,142.664,142.682,142.66199999999998,142.665,NaN,NaN,NaN,142.69765424517678,NaN,NaN,142.66825
2022-09-12T19:49:00+09:00,142.665,142.69199999999998,142.664,142.67399999999998,NaN,NaN,NaN,142.69765424517678,NaN,NaN,142.67374999999998
2022-09-12T19:50:00+09:00,142.67399999999998,142.67999999999998,142.64999999999998,142.65699999999998,NaN,NaN,NaN,142.69765424517678,NaN,NaN,142.66524999999996
2022-09-12T19:51:00+09:00,142.65699999999998,142.67499999999998,142.649,142.66299999999998,NaN,NaN,NaN,142.6946183788244,NaN,NaN,142.661
2022-09-12T19:52:00+09:00,142.66299999999998,142.676,142.66199999999998,142.67,NaN,NaN,NaN,142.6946183788244,NaN,NaN,142.66774999999998
2022-09-12T19:53:00+09:00,142.67,142.677,142.646,142.647,NaN,NaN,NaN,142.6916597624476,NaN,NaN,142.65999999999997
2022-09-12T19:54:00+09:00,142.647,142.661,142.62099999999998,142.632,NaN,NaN,NaN,142.6739278099581,NaN,NaN,142.64024999999998
2022-09-12T19:55:00+09:00,142.632,142.63799999999998,142.62,142.632,NaN,NaN,NaN,142.65930224796648,NaN,NaN,142.63049999999998
2022-09-12T19:56:00+09:00,142.632,142.632,142.60999999999999,142.628,NaN,NaN,NaN,142.65008179837318,NaN,NaN,142.6255
2022-09-12T19:57:00+09:00,142.628,142.632,142.60299999999998,142.60999999999999,NaN,NaN,NaN,142.64714543869857,NaN,NaN,142.61825
2022-09-12T19:58:00+09:00,142.60999999999999,142.626,142.587,142.587,NaN,NaN,NaN,142.63879635095884,NaN,NaN,142.6025
2022-09-12T19:59:00+09:00,142.587,142.61499999999998,142.57999999999998,142.606,NaN,NaN,NaN,142.63103708076704,NaN,NaN,142.59699999999998
2022-09-12T20:00:00+09:00,142.606,142.606,142.56799999999998,142.59799999999998,NaN,NaN,NaN,142.62218966461364,NaN,NaN,142.59449999999998
2022-09-12T20:01:00+09:00,142.59799999999998,142.667,142.59699999999998,142.64,142.58844826830907,142.58844826830907,142.58844826830907,NaN,NaN,NaN,142.6255
2022-09-12T20:02:00+09:00,142.64,142.652,142.632,142.646,142.60275861464726,NaN,NaN,NaN,NaN,NaN,142.64249999999998
2022-09-12T20:03:00+09:00,142.646,142.65599999999998,142.632,142.636,142.6073268917178,NaN,NaN,NaN,NaN,NaN,142.64249999999998
2022-09-12T20:04:00+09:00,142.636,142.641,142.61499999999998,142.61499999999998,142.6073268917178,NaN,NaN,NaN,NaN,NaN,142.62675
2022-09-12T20:05:00+09:00,142.61499999999998,142.618,142.583,142.61599999999999,142.6073268917178,NaN,NaN,NaN,NaN,NaN,142.60799999999998
2022-09-12T20:06:00+09:00,142.61599999999999,142.618,142.565,142.565,NaN,NaN,NaN,142.6317574314405,142.6317574314405,142.6317574314405,142.591
2022-09-12T20:07:00+09:00,142.565,142.588,142.54,142.57899999999998,NaN,NaN,NaN,142.60676594515238,NaN,NaN,142.56799999999998
2022-09-12T20:08:00+09:00,142.57899999999998,142.59699999999998,142.57,142.59099999999998,NaN,NaN,NaN,142.60676594515238,NaN,NaN,142.58424999999997
2022-09-12T20:09:00+09:00,142.59099999999998,142.626,142.576,142.625,142.55787779510248,142.55787779510248,142.55787779510248,NaN,NaN,NaN,142.6045
2022-09-12T20:10:00+09:00,142.625,142.659,142.619,142.654,142.595702236082,NaN,NaN,NaN,NaN,NaN,142.63925
2022-09-12T20:11:00+09:00,142.654,142.658,142.642,142.65599999999998,142.61184178886558,NaN,NaN,NaN,NaN,NaN,142.6525
2022-09-12T20:12:00+09:00,142.65599999999998,142.665,142.641,142.653,142.61719343109246,NaN,NaN,NaN,NaN,NaN,142.65375
2022-09-12T20:13:00+09:00,142.653,142.689,142.65099999999998,142.68599999999998,142.63299474487397,NaN,NaN,NaN,NaN,NaN,142.66974999999996
2022-09-12T20:14:00+09:00,142.68599999999998,142.707,142.68099999999998,142.707,142.65867579589917,NaN,NaN,NaN,NaN,NaN,142.69525
2022-09-12T20:15:00+09:00,142.707,142.707,142.69299999999998,142.70399999999998,142.66866063671932,NaN,NaN,NaN,NaN,NaN,142.70274999999998
2022-09-12T20:16:00+09:00,142.70399999999998,142.708,142.684,142.708,142.66866063671932,NaN,NaN,NaN,NaN,NaN,142.701
2022-09-12T20:17:00+09:00,142.708,142.738,142.70399999999998,142.736,142.68923880750037,NaN,NaN,NaN,NaN,NaN,142.7215
2022-09-12T20:18:00+09:00,142.736,142.748,142.724,142.73999999999998,142.70531104600028,NaN,NaN,NaN,NaN,NaN,142.737
2022-09-12T20:19:00+09:00,142.73999999999998,142.74599999999998,142.71699999999998,142.71699999999998,142.70531104600028,NaN,NaN,NaN,NaN,NaN,142.73
2022-09-12T20:20:00+09:00,142.71699999999998,142.73499999999999,142.713,142.727,142.70531104600028,NaN,NaN,NaN,NaN,NaN,142.72299999999998
2022-09-12T20:21:00+09:00,142.727,142.748,142.721,142.745,142.70531104600028,NaN,NaN,NaN,NaN,NaN,142.73525
2022-09-12T20:22:00+09:00,142.745,142.745,142.72899999999998,142.743,142.7097936444417,NaN,NaN,NaN,NaN,NaN,142.7405
2022-09-12T20:23:00+09:00,142.743,142.745,142.726,142.727,142.7097936444417,NaN,NaN,NaN,NaN,NaN,142.73525
2022-09-12T20:24:00+09:00,142.727,142.727,142.678,142.683,NaN,NaN,NaN,142.7340360675573,142.7340360675573,142.7340360675573,142.70375
2022-09-12T20:25:00+09:00,142.683,142.69,142.66299999999998,142.664,NaN,NaN,NaN,142.7076688540458,NaN,NaN,142.67499999999998
2022-09-12T20:26:00+09:00,142.664,142.68099999999998,142.654,142.68099999999998,NaN,NaN,NaN,142.69837508323667,NaN,NaN,142.67