time,open,high,low,close,Up Trend,UpTrend Begins,Buy,Down Trend,DownTrend Begins,Sell,,SELLING,BUYING,SPAvg,BPAvg,VPO1,VPO2,VPH
2022-09-12T15:24:00+09:00,32144.91,32145.41,32140.54,32141.41,NaN,NaN,NaN,32156.32948620118,NaN,NaN,32143.0675,26.30139372822683,-4.698606271773169,21.07307563607908,16.943215639247555,NaN,NaN,NaN
2022-09-12T15:25:00+09:00,32141.41,32145.54,32138.41,32145.54,NaN,NaN,NaN,32156.32948620118,NaN,NaN,32142.725,-8.29220138203273,19.70779861796727,17.82925784574006,17.09974980025419,NaN,NaN,NaN
2022-09-12T15:26:00+09:00,32145.54,32147.91,32141.41,32147.91,NaN,NaN,NaN,32156.32948620118,NaN,NaN,32145.6925,-16.317968015054202,25.6820319849458,16.64048094048384,19.284453886678754,NaN,NaN,NaN
2022-09-12T15:27:00+09:00,32147.91,32153.91,32142.54,32146.41,NaN,NaN,NaN,32156.32948620118,NaN,NaN,32147.6925,40.58376511226127,-21.416234887738735,22.329107757114144,20.36357515854989,NaN,NaN,NaN
2022-09-12T15:28:00+09:00,32146.41,32150.41,32143.41,32148.54,NaN,NaN,NaN,32156.32948620118,NaN,NaN,32147.192499999997,-22.2,51.8,23.718987521993185,28.492461686880198,NaN,NaN,NaN
2022-09-12T15:29:00+09:00,32148.54,32148.54,32144.54,32145.54,NaN,NaN,NaN,32156.32948620118,NaN,NaN,32146.79,43.2,-10.8,28.93671058271465,26.101567897242727,NaN,NaN,NaN
2022-09-12T15:30:00+09:00,32145.54,32148.91,32138.54,32144.54,NaN,NaN,NaN,32156.32948620118,NaN,NaN,32144.3825,32.94074526572881,-19.059254734271192,31.24215001864856,23.743266159090474,NaN,NaN,NaN
2022-09-12T15:31:00+09:00,32144.54,32151.54,32143.54,32151.54,NaN,NaN,NaN,32156.32948620118,NaN,NaN,32147.79,-6,48,25.507972372969896,29.21787418477979,NaN,NaN,NaN
2022-09-12T15:32:00+09:00,32151.54,32157.54,32151.41,32157.54,32134.36003612522,32134.36003612522,32134.36003612522,NaN,NaN,NaN,32154.5075,-0.9137380191761914,43.08626198082381,17.925869373101804,34.053623140213126,NaN,NaN,NaN
2022-09-12T15:33:00+09:00,32157.54,32161.91,32157.54,32161.41,32140.3105325127,NaN,NaN,NaN,NaN,NaN,32159.6,-5.44147843942619,47.55852156057381,12.909245889715876,38.63878498416163,NaN,NaN,NaN
2022-09-12T15:34:00+09:00,32161.41,32164.91,32159.54,32163.91,32143.14097926143,NaN,NaN,NaN,NaN,NaN,32162.4425,-16.272099447509525,46.727900552490475,12.495803408317807,41.80735433723097,NaN,NaN,NaN
2022-09-12T15:35:00+09:00,32163.91,32175.41,32161.91,32175.41,32147.434381335286,NaN,NaN,NaN,NaN,NaN,32169.16,-7.612903225806451,51.38709677419355,11.171717742340451,44.99443228473895,NaN,NaN,NaN
2022-09-12T15:36:00+09:00,32175.41,32184.91,32174.41,32183.41,32157.40694320176,NaN,NaN,NaN,NaN,NaN,32179.535,-15.125,105.875,11.829016890260998,61.011343700431205,NaN,NaN,NaN
2022-09-12T15:37:00+09:00,32183.41,32195.54,32178.91,32194.41,32162.208248881583,NaN,NaN,NaN,NaN,NaN,32188.0675,-21.296734500708865,78.70326549929113,14.360271079853103,69.43855200406925,NaN,NaN,NaN
2022-09-12T15:38:00+09:00,32194.41,32198.91,32192.91,32193.41,32171.594923993423,NaN,NaN,NaN,NaN,NaN,32194.91,79.42857142857143,-59.57142857142857,31.26015971443071,69.0785732218186,NaN,NaN,NaN
2022-09-12T15:39:00+09:00,32193.41,32199.41,32188.41,32192.41,32171.594923993423,NaN,NaN,NaN,NaN,NaN,32193.41,78.29411764705883,-42.70588235294118,47.24362135623214,62.39540580903658,NaN,NaN,NaN
2022-09-12T15:40:00+09:00,32192.41,32199.41,32189.54,32190.41,32171.594923993423,NaN,NaN,NaN,NaN,NaN,32192.9425,42.7095435684629,-30.2904564315371,50.10596731974019,52.6983766114662,NaN,NaN,NaN
2022-09-12T15:41:00+09:00,32190.41,32198.54,32187.41,32197.54,32171.594923993423,NaN,NaN,NaN,NaN,NaN,32193.475,-14.861995753714426,55.13800424628557,42.01056091911076,50.88402622077845,NaN,NaN,NaN
2022-09-12T15:42:00+09:00,32197.54,32199.41,32193.54,32199.41,32171.594923993423,NaN,NaN,NaN,NaN,NaN,32197.475,-10.131712259372879,14.868287740627121,32.01699715401893,41.426504003068686,NaN,NaN,NaN
2022-09-12T15:43:00+09:00,32199.41,32199.54,32198.41,32199.54,32175.665001768877,NaN,NaN,NaN,NaN,NaN,32199.225,-23.943661971819534,27.056338028180463,27.500272417196125,35.469581954919185,NaN,NaN,NaN
2022-09-12T15:44:00+09:00,32199.54,32199.54,32193.54,32194.54,32175.665001768877,NaN,NaN,NaN,NaN,NaN,32196.79,30.857142857142854,-5.142857142857142,27.210308842977106,26.3986702398663,NaN,NaN,NaN
2022-09-12T15:45:00+09:00,32194.54,32196.54,32191.54,32193.54,32175.665001768877,NaN,NaN,NaN,NaN,NaN,32194.04,49.285714285714285,-19.71428571428571,32.65666931010665,22.45984617970793,NaN,NaN,NaN
2022-09-12T15:46:00+09:00,32193.54,32198.54,32193.54,32197.41,32175.665001768877,NaN,NaN,NaN,NaN,NaN,32195.7575,-7.74225122349672,34.257748776503284,27.789654905236553,24.424615813867177,NaN,NaN,NaN
2022-09-12T15:47:00+09:00,32197.41,32202.54,32193.54,32198.54,32176.16911016056,NaN,NaN,NaN,NaN,NaN,32198.0075,-11.076923076923077,24.923076923076923,22.39471834694066,25.040423499709426,NaN,NaN,NaN
2022-09-12T15:48:00+09:00,32198.54,32205.54,32198.54,32202.54,32180.256199144504,NaN,NaN,NaN,NaN,NaN,32201.29,-12,28,18.44730462063152,25.934269546242632,NaN,NaN,NaN
2022-09-12T15:49:00+09:00,32202.54,32202.54,32200.54,32201.54,32181.334579230053,NaN,NaN,NaN,NaN,NaN,32201.79,34,-17,21.348625033896354,23.924163671315277,NaN,NaN,NaN
2022-09-12T15:50:00+09:00,32201.54,32206.54,32200.54,32205.54,32183.55512130705,NaN,NaN,NaN,NaN,NaN,32203.54,-3.142857142857143,18.857142857142858,17.52251316445276,22.154881999040335,NaN,NaN,NaN
2022-09-12T15:51:00+09:00,32205.54,32207.41,32202.54,32205.54,32185.52760917634,NaN,NaN,NaN,NaN,NaN,32205.2575,-17.15374841169218,27.84625158830782,16.473794008901717,23.13540397828847,NaN,NaN,NaN
2022-09-12T15:52:00+09:00,32205.54,32205.54,32197.41,32197.41,32185.52760917634,NaN,NaN,NaN,NaN,NaN,32201.475000000002,35,0,20.84316571778853,17.596683478528384,NaN,NaN,NaN
2022-09-12T15:53:00+09:00,32197.41,32203.54,32197.41,32198.54,32185.52760917634,NaN,NaN,NaN,NaN,NaN,32199.225,-16.621743036835856,20.378256963164144,20.880152974772063,16.907396724747304,NaN,NaN,NaN
2022-09-12T15:54:00+09:00,32198.54,32199.54,32194.54,32199.54,32185.52760917634,NaN,NaN,NaN,NaN,NaN,32198.04,-19.555555555555554,24.444444444444446,20.558250434213818,18.61933696622632,NaN,NaN,NaN
2022-09-12T15:55:00+09:00,32199.54,32202.54,32194.54,32194.54,32185.52760917634,NaN,NaN,NaN,NaN,NaN,32197.79,43.63636363636364,-16.363636363636363,26.247303099611713,18.483396875948586,NaN,NaN,NaN
2022-09-12T15:56:00+09:00,32194.54,32202.41,32194.41,32202.41,32185.52760917634,NaN,NaN,NaN,NaN,NaN,32198.4425,-1.0233702337102275,62.976629766289776,21.363583049485815,29.572720075964448,NaN,NaN,NaN
2022-09-12T15:57:00+09:00,32202.41,32202.41,32197.54,32198.54,32185.52760917634,NaN,NaN,NaN,NaN,NaN,32200.225,24.88926746166862,-5.110732538331381,21.02407414000004,26.229553991560145,NaN,NaN,NaN
2022-09-12T15:58:00+09:00,32198.54,32205.54,32194.54,32204.54,32185.52760917634,NaN,NaN,NaN,NaN,NaN,32200.79,-20.53333333333333,56.46666666666666,20.81651171096192,32.953040639235695,NaN,NaN,NaN
2022-09-12T15:59:00+09:00,32204.54,32207.41,32201.54,32205.41,32185.52760917634,NaN,NaN,NaN,NaN,NaN,32204.725,-12.852311161219063,25.147688838780937,18.773570966266675,32.6825743510409,NaN,NaN,NaN
2022-09-12T16:00:00+09:00,32205.41,32205.54,32189.54,32197.91,32185.52760917634,NaN,NaN,NaN,NaN,NaN,32199.6,161.51005334428248,-84.48994665571749,53.946956374596816,45.56680085516135,NaN,NaN,NaN
2022-09-12T16:01:00+09:00,32197.91,32198.91,32184.91,32186.41,32185.52760917634,NaN,NaN,NaN,NaN,NaN,32192.035,160.7741935483871,-17.225806451612904,89.44711202012692,41.702608880304346,NaN,NaN,NaN
2022-09-12T16:02:00+09:00,32186.41,32200.91,32183.91,32198.54,32185.52760917634,NaN,NaN,NaN,NaN,NaN,32192.442499999997,-28.46153846153846,193.53846153846155,83.07575754186233,78.69552405112941,NaN,NaN,NaN
2022-09-12T16:03:00+09:00,32198.54,32200.41,32185.41,32191.91,32185.52760917634,NaN,NaN,NaN,NaN,NaN,32194.0675,120,-52,90.7139795368306,81.26987183105332,NaN,NaN,NaN
2022-09-12T16:04:00+09:00,32191.91,32199.54,32187.54,32198.91,32185.52760917634,NaN,NaN,NaN,NaN,NaN,32194.475,-44.31398900426854,121.68601099573146,81.02353740243215,92.01749356720384,NaN,NaN,NaN
2022-09-12T16:05:00+09:00,32198.91,32202.91,32187.41,32193.41,32185.52760917634,NaN,NaN,NaN,NaN,NaN,32195.66,126.16279069767441,-48.83720930232558,89.88574019264311,83.9093279350219,NaN,NaN,NaN
2022-09-12T16:06:00+09:00,32193.41,32202.54,32191.41,32198.41,32185.52760917634,NaN,NaN,NaN,NaN,NaN,32196.4425,-37.619266055050126,101.38073394494988,79.0346723557976,86.25013802945841,NaN,NaN,NaN
2022-09-12T16:07:00+09:00,32198.41,32208.41,32198.41,32199.41,32185.52760917634,NaN,NaN,NaN,NaN,NaN,32201.16,-85.73684210526315,95.26315789473684,77.9974478339526,89.08859551938714,NaN,NaN,NaN
2022-09-12T16:08:00+09:00,32199.41,32205.54,32196.41,32205.54,32185.52760917634,NaN,NaN,NaN,NaN,NaN,32201.725,-44.02308326462944,133.97691673537057,69.24455056116057,101.02029019586519,NaN,NaN,NaN
2022-09-12T16:09:00+09:00,32205.54,32208.41,32198.54,32203.41,32185.52760917634,NaN,NaN,NaN,NaN,NaN,32203.975,105.12822252374859,-51.87177747625141,76.02724423360957,91.71608568508125,NaN,NaN,NaN
2022-09-12T16:10:00+09:00,32203.41,32212.91,32191.54,32192.41,32185.52760917634,NaN,NaN,NaN,NaN,NaN,32200.0675,143.9896339488155,-64.01036605118449,94.71351508052331,82.46360464891109,NaN,NaN,NaN
2022-09-12T16:11:00+09:00,32192.41,32198.41,32189.91,32190.91,32185.52760917634,NaN,NaN,NaN,NaN,NaN,32192.91,100.82758620689654,-71.17241379310344,100.91360057384505,77.32768667591662,NaN,NaN,NaN
2022-09-12T16:12:00+09:00,32190.91,32199.54,32187.54,32193.41,32185.52760917634,NaN,NaN,NaN,NaN,NaN,32192.85,-50.04081632653612,97.95918367346388,89.74542588534825,81.20158143205482,NaN,NaN,NaN
2022-09-12T16:13:00+09:00,32193.41,32193.41,32180.54,32185.41,NaN,NaN,NaN,32212.241751118414,32212.241751118414,32212.241751118414,32188.1925,89.23393461105167,-33.76606538894834,86.82550939464991,70.31117611031274,NaN,NaN,NaN
2022-09-12T16:14:00+09:00,32185.41,32194.41,32180.41,32193.41,NaN,NaN,NaN,32212.241751118414,NaN,NaN,32188.41,-42.10526315789473,117.89473684210526,74.91546871278652,79.48446496282536,NaN,NaN,NaN
2022-09-12T16:15:00+09:00,32193.41,32199.91,32185.91,32195.54,NaN,NaN,NaN,32212.241751118414,NaN,NaN,32193.692499999997,-48.83720930232558,91.16279069767442,65.41839368970544,84.69736860966577,NaN,NaN,NaN
2022-09-12T16:16:00+09:00,32195.54,32204.41,32185.54,32186.41,NaN,NaN,NaN,32212.241751118414,NaN,NaN,32192.975,79.5886806056252,-37.4113193943748,66.5866966629151,74.17908221755314,NaN,NaN,NaN
2022-09-12T16:17:00+09:00,32186.41,32192.91,32185.41,32192.91,NaN,NaN,NaN,32212.241751118414,NaN,NaN,32189.41,-14.588235294117647,109.41176470588235,53.87915706401816,80.35768124160728,NaN,NaN,NaN
2022-09-12T16:18:00+09:00,32192.91,32200.91,32192.91,32199.54,NaN,NaN,NaN,32212.241751118414,NaN,NaN,32196.567499999997,-14.913553895401419,87.08644610459858,40.960871372139735,83.58452221336864,NaN,NaN,NaN
2022-09-12T16:19:00+09:00,32199.54,32199.54,32180.54,32182.54,NaN,NaN,NaN,32212.241751118414,NaN,NaN,32190.54,160.14285714285714,-16.857142857142858,67.52679639184949,67.70938761725253,NaN,NaN,NaN
2022-09-12T16:20:00+09:00,32182.54,32197.41,32181.54,32196.41,NaN,NaN,NaN,32212.241751118414,NaN,NaN,32189.475,-10.077059869591599,159.9229401304084,59.80584351621245,86.79399209651247,NaN,NaN,NaN
2022-09-12T16:21:00+09:00,32196.41,32207.91,32194.41,32197.54,NaN,NaN,NaN,32212.241751118414,NaN,NaN,32199.067499999997,-77.76413908671542,101.2358609132846,62.36517918992893,95.17561042052048,NaN,NaN,NaN
2022-09-12T16:22:00+09:00,32197.54,32215.41,32197.41,32215.41,32166.34187581736,32166.34187581736,32166.34187581736,NaN,NaN,NaN,32206.4425,-0.9321566464496125,129.0678433535504,47.64675747248822,105.74407323477996,NaN,NaN,NaN
2022-09-12T16:23:00+09:00,32215.41,32227.54,32210.54,32227.54,32177.878688235625,NaN,NaN,NaN,NaN,NaN,32220.2575,-32.73388203017301,114.266117969827,40.23893318254924,110.51670012210658,NaN,NaN,NaN
2022-09-12T16:24:00+09:00,32227.54,32235.41,32227.41,32234.41,32191.96481941206,NaN,NaN,NaN,NaN,NaN,32231.1925,-16.77777777777778,134.22222222222223,32.52168825887163,117.63623736896716,NaN,NaN,NaN
2022-09-12T16:25:00+09:00,32234.41,32240.41,32231.54,32240.41,32197.813337470856,NaN,NaN,NaN,NaN,NaN,32236.6925,-31.04684838159573,95.95315161840428,30.22366705863325,113.99535024304157,NaN,NaN,NaN
2022-09-12T16:26:00+09:00,32240.41,32242.91,32235.41,32238.54,32202.56450372377,NaN,NaN,NaN,NaN,NaN,32239.317499999997,79.0216368767563,-32.978363123243696,41.84865421310442,92.8308816816107,NaN,NaN,NaN
2022-09-12T16:27:00+09:00,32238.54,32244.54,32233.91,32234.41,32203.10005335139,NaN,NaN,NaN,NaN,NaN,32237.850000000002,86.2928442573692,-48.70715574263082,55.86594851278841,76.50883305650802,NaN,NaN,NaN
2022-09-12T16:28:00+09:00,32234.41,32237.41,32225.91,32227.41,32203.10005335139,NaN,NaN,NaN,NaN,NaN,32231.285,111.82758620689656,-29.17241379310345,73.36068151123644,60.5942160843812,NaN,NaN,NaN
2022-09-12T16:29:00+09:00,32227.41,32227.41,32216.54,32225.41,32203.10005335139,NaN,NaN,NaN,NaN,NaN,32224.1925,79.84549138804535,-65.15450861195465,79.35556723005067,57.75563497324286,NaN,NaN,NaN
2022-09-12T16:30:00+09:00,32225.41,32232.41,32222.41,32229.41,32203.10005335139,NaN,NaN,NaN,NaN,NaN,32227.41,-24.230769230769234,80.76923076923077,67.07308915993386,62.799388644455256,NaN,NaN,NaN
2022-09-12T16:31:00+09:00,32229.41,32237.91,32228.91,32236.91,32203.10005335139,NaN,NaN,NaN,NaN,NaN,32233.285,-10.5,94.5,49.85919735242119,71.98547990114454,NaN,NaN,NaN
2022-09-12T16:32:00+09:00,32236.91,32241.41,32229.91,32232.41,32203.10005335139,NaN,NaN,NaN,NaN,NaN,32235.16,59.65625,-23.34375,48.00498756243773,62.12157024003073,NaN,NaN,NaN
2022-09-12T16:33:00+09:00,32232.41,32235.54,32225.41,32232.54,32203.10005335139,NaN,NaN,NaN,NaN,NaN,32231.475,-50.67133683595729,73.32866316404271,48.20802243332175,62.45736605575527,NaN,NaN,NaN
2022-09-12T16:34:00+09:00,32232.54,32240.41,32231.91,32235.54,32203.106290665306,NaN,NaN,NaN,NaN,NaN,32235.1,-23.67614061331024,41.323859386689755,42.12581069603988,57.257938342420026,NaN,NaN,NaN
2022-09-12T16:35:00+09:00,32235.54,32238.91,32234.41,32235.54,32205.561661598775,NaN,NaN,NaN,NaN,NaN,32236.1,46.886912325291966,-35.113087674708034,41.79553316903243,50.421868747158214,NaN,NaN,NaN
2022-09-12T16:36:00+09:00,32235.54,32236.41,32230.54,32233.41,32205.561661598775,NaN,NaN,NaN,NaN,NaN,32233.975,42.9839816933664,-21.016018306633594,42.010075918364066,41.36138873821161,NaN,NaN,NaN
2022-09-12T16:37:00+09:00,32233.41,32238.91,32228.54,32230.54,32205.561661598775,NaN,NaN,NaN,NaN,NaN,32232.85,72.53119092627352,-38.468809073726476,49.69399035767434,38.373123819853674,NaN,NaN,NaN
2022-09-12T16:38:00+09:00,32230.54,32236.91,32228.54,32229.41,32205.561661598775,NaN,NaN,NaN,NaN,NaN,32231.35,44.85956580732774,-34.14043419267226,50.40636282991525,36.56788518346884,NaN,NaN,NaN
2022-09-12T16:39:00+09:00,32229.41,32232.54,32228.91,32232.54,32205.561661598775,NaN,NaN,NaN,NaN,NaN,32230.85,-8.11138014527645,58.88861985472355,40.010710276815786,41.696759192186306,NaN,NaN,NaN
2022-09-12T16:40:00+09:00,32232.54,32237.41,32229.41,32237.41,32206.20942105746,NaN,NaN,NaN,NaN,NaN,32234.1925,-17.154537286616772,43.845462713383235,31.697753890991166,43.516153574664905,NaN,NaN,NaN
2022-09-12T16:41:00+09:00,32237.41,32249.41,32236.54,32245.91,32214.633478951713,NaN,NaN,NaN,NaN,NaN,32242.3175,-21.16676847892618,77.83323152107381,26.986768441518763,52.55027165688678,NaN,NaN,NaN
2022-09-12T16:42:00+09:00,32245.91,32252.91,32239.54,32252.41,32216.706631056542,NaN,NaN,NaN,NaN,NaN,32247.6925,-32.26950354609746,67.73049645390255,27.129705855295335,58.60385737669619,NaN,NaN,NaN
2022-09-12T16:43:00+09:00,32252.41,32252.91,32244.91,32247.54,32219.94346795089,NaN,NaN,NaN,NaN,NaN,32249.442499999997,99.34148635935077,-32.65851364064922,45.218385334753336,53.6309178726368,NaN,NaN,NaN
2022-09-12T16:44:00+09:00,32247.54,32253.41,32246.54,32253.41,32221.8441211558,NaN,NaN,NaN,NaN,NaN,32250.225,-11.81702668361017,81.18297331638983,41.39021554183205,59.27569685756021,NaN,NaN,NaN
2022-09-12T16:45:00+09:00,32253.41,32256.41,32237.54,32239.41,32221.8441211558,NaN,NaN,NaN,NaN,NaN,32246.6925,123.38408779149428,-19.615912208505716,60.93164115601728,50.77194544152744,NaN,NaN,NaN
2022-09-12T16:46:00+09:00,32239.41,32247.41,32234.41,32246.54,32221.8441211558,NaN,NaN,NaN,NaN,NaN,32241.942499999997,-39.16666666666667,101.83333333333333,60.37575393722594,61.41135456047073,NaN,NaN,NaN
2022-09-12T16:47:00+09:00,32246.54,32253.91,32246.41,32246.54,32221.8441211558,NaN,NaN,NaN,NaN,NaN,32248.35,64.55951580363589,-63.4404841963641,61.28272259913059,64.57848924917988,NaN,NaN,NaN
2022-09-12T16:48:00+09:00,32246.54,32246.54,32241.91,32246.41,32221.8441211558,NaN,NaN,NaN,NaN,NaN,32245.350000000002,60.85432639650166,-59.14567360349833,61.40236571394952,64.0120690099368,NaN,NaN,NaN
2022-09-12T16:49:00+09:00,32246.41,32253.54,32246.41,32246.41,32221.8441211558,NaN,NaN,NaN,NaN,NaN,32248.1925,-53,-53,59.33168506416688,61.117446697641824,NaN,NaN,NaN
2022-09-12T16:50:00+09:00,32246.41,32254.91,32244.41,32252.41,32221.8441211558,NaN,NaN,NaN,NaN,NaN,32249.535,-24.423076923076923,102.57692307692308,50.086862866448726,70.75866021438839,NaN,NaN,NaN
2022-09-12T16:51:00+09:00,32252.41,32253.41,32243.41,32245.54,32221.8441211558,NaN,NaN,NaN,NaN,NaN,32248.692499999997,89.03544929925056,-18.964550700749438,57.51280392521965,60.22043621516529,NaN,NaN,NaN
2022-09-12T16:52:00+09:00,32245.54,32245.54,32238.54,32243.41,32221.8441211558,NaN,NaN,NaN,NaN,NaN,32243.2575,68.40775063185086,-47.59224936814914,62.09302586657019,54.42883350360548,NaN,NaN,NaN
2022-09-12T16:53:00+09:00,32243.41,32248.91,32237.41,32239.41,32221.8441211558,NaN,NaN,NaN,NaN,NaN,32242.285,81.1764705882353,-38.82352941176471,68.0089425323241,49.079606802755336,NaN,NaN,NaN
2022-09-12T16:54:00+09:00,32239.41,32241.54,32233.41,32234.41,32221.8441211558,NaN,NaN,NaN,NaN,NaN,32237.1925,71.31578947367899,-18.684210526321014,70.3146334341013,40.14345105843422,NaN,NaN,NaN
2022-09-12T16:55:00+09:00,32234.41,32242.54,32232.54,32240.41,32221.8441211558,NaN,NaN,NaN,NaN,NaN,32237.475,-20.018136850791073,93.98186314920892,58.316932013718045,51.36901514504762,NaN,NaN,NaN
2022-09-12T16:56:00+09:00,32240.41,32244.54,32235.41,32238.91,32221.8441211558,NaN,NaN,NaN,NaN,NaN,32239.8175,66.78808446455224,-30.21191553544776,57.43529477133078,48.886131264301,NaN,NaN,NaN
2022-09-12T16:57:00+09:00,32238.91,32247.54,32235.54,32241.54,32221.8441211558,NaN,NaN,NaN,NaN,NaN,32240.8825,-27.666666666666664,55.33333333333333,49.77272843456794,49.87721081137243,NaN,NaN,NaN
2022-09-12T16:58:00+09:00,32241.54,32244.41,32236.91,32238.41,32221.8441211558,NaN,NaN,NaN,NaN,NaN,32240.3175,44.84088717454635,-17.159112825453647,46.62412653537183,41.94545620166059,NaN,NaN,NaN
2022-09-12T16:59:00+09:00,32238.41,32241.54,32233.41,32234.41,32221.8441211558,NaN,NaN,NaN,NaN,NaN,32236.9425,58.48401420958822,-22.51598579041178,48.8019479791269,35.105149946420426,NaN,NaN,NaN
2022-09-12T17:00:00+09:00,32234.41,32243.41,32233.91,32236.41,32221.8441211558,NaN,NaN,NaN,NaN,NaN,32237.035,-55.57575757575758,75.42424242424244,51.03985573922334,43.47484650206589,NaN,NaN,NaN
2022-09-12T17:01:00+09:00,32236.41,32251.91,32236.41,32250.91,32221.8441211558,NaN,NaN,NaN,NaN,NaN,32243.91,-8,124,40.839368744441614,65.69855901546077,NaN,NaN,NaN
2022-09-12T17:02:00+09:00,32250.91,32253.41,32241.54,32247.41,32221.8441211558,NaN,NaN,NaN,NaN,NaN,32248.3175,85.64599774521105,-42.354002254788945,49.49090424593854,65.41834795364154,NaN,NaN,NaN
2022-09-12T17:03:00+09:00,32247.41,32252.41,32239.54,32243.54,32221.8441211558,NaN,NaN,NaN,NaN,NaN,32245.725,73.46054840514667,-28.539451594853336,57.6461991611148,56.12857109848969,NaN,NaN,NaN
2022-09-12T17:04:00+09:00,32243.54,32252.41,32243.54,32246.91,32221.8441211558,NaN,NaN,NaN,NaN,NaN,32246.6,-53.96659707724809,87.03340292275192,58.76512236894219,61.53233484076728,NaN,NaN,NaN
2022-09-12T17:05:00+09:00,32246.91,32251.41,32244.54,32248.41,32221.8441211558,NaN,NaN,NaN,NaN,NaN,32247.8175,-33.13069908814931,75.86930091185069,52.63624735070081,66.46751729410752,NaN,NaN,NaN
2022-09-12T17:06:00+09:00,32248.41,32248.91,32235.54,32244.54,32221.8441211558,NaN,NaN,NaN,NaN,NaN,32244.35,51.99776486365509,-35.002235136344915,50.94440797437904,59.834992368001934,NaN,NaN,NaN
2022-09-12T17:07:00+09:00,32244.54,32249.41,32243.41,32249.41,32221.8441211558,NaN,NaN,NaN,NaN,NaN,32246.6925,-14.73913043479379,78.2608695652062,41.470128745402285,62.783330435776605,NaN,NaN,NaN
2022-09-12T17:08:00+09:00,32249.41,32252.41,32229.41,32230.54,32221.8441211558,NaN,NaN,NaN,NaN,NaN,32240.442499999997,123.84615384615384,-16.153846153846153,59.695565213345986,51.86304388223766,NaN,NaN,NaN
2022-09-12T17:09:00+09:00,32230.54,32232.91,32215.41,32231.91,32221.8441211558,NaN,NaN,NaN,NaN,NaN,32227.6925,-64.45203800184113,74.54796199815887,65.44104252745569,54.804201772833224,NaN,NaN,NaN
2022-09-12T17:10:00+09:00,32231.91,32247.54,32230.54,32245.41,32221.8441211558,NaN,NaN,NaN,NaN,NaN,32238.85,-11.134343962367513,88.86565603763249,53.30073721471108,64.05485481168193,NaN,NaN,NaN
2022-09-12T17:11:00+09:00,32245.41,32250.41,32241.91,32243.54,32221.8441211558,NaN,NaN,NaN,NaN,NaN,32245.317499999997,107.66666666666667,-63.33333333333333,63.85714324951382,66.18713770180696,NaN,NaN,NaN
2022-09-12T17:12:00+09:00,32243.54,32246.41,32233.91,32240.54,32221.8441211558,NaN,NaN,NaN,NaN,NaN,32241.1,71.22320961839662,-37.77679038160338,68.3377613504352,59.61762159428732,NaN,NaN,NaN
2022-09-12T17:13:00+09:00,32240.54,32242.91,32238.54,32242.41,32221.8441211558,NaN,NaN,NaN,NaN,NaN,32241.1,-33.28100470958146,72.71899529041853,60.693726715452115,61.25058599144022,NaN,NaN,NaN
2022-09-12T17:14:00+09:00,32242.41,32245.91,32236.54,32244.91,32221.8441211558,NaN,NaN,NaN,NaN,NaN,32242.4425,-39.287401574801585,62.71259842519841,53.43113677154371,62.02433019916799,NaN,NaN,NaN
2022-09-12T17:15:00+09:00,32244.91,32252.41,32243.41,32252.41,32221.8441211558,NaN,NaN,NaN,NaN,NaN,32248.285,-15.857142857142856,95.14285714285714,42.221990806966396,70.49739798702223,NaN,NaN,NaN
2022-09-12T17:16:00+09:00,32252.41,32252.91,32246.91,32249.41,32221.8441211558,NaN,NaN,NaN,NaN,NaN,32250.41,67.05882352941177,-27.941176470588236,45.628912496433415,61.976609554877285,NaN,NaN,NaN
2022-09-12T17:17:00+09:00,32249.41,32255.91,32249.41,32252.41,32222.7462479881,NaN,NaN,NaN,NaN,NaN,32251.785,-30.45,56.550000000000004,42.68591479469181,58.48976005812173,NaN,NaN,NaN
2022-09-12T17:18:00+09:00,32252.41,32252.91,32248.54,32251.91,32222.7462479881,NaN,NaN,NaN,NaN,NaN,32251.4425,60.41214470284419,-46.587855297155805,46.38172284629451,54.642571493691364,NaN,NaN,NaN
2022-09-12T17:19:00+09:00,32251.91,32256.91,32251.41,32255.41,32227.09996087036,NaN,NaN,NaN,NaN,NaN,32253.91,-18.21428571428571,66.78571428571428,40.26381557619298,56.7165600505895,NaN,NaN,NaN
2022-09-12T17:20:00+09:00,32255.41,32266.41,32254.54,32264.91,32232.559964783326,NaN,NaN,NaN,NaN,NaN,32260.3175,-15.033657442035551,118.96634255796445,32.42679922512824,72.79750281665777,NaN,NaN,NaN
2022-09-12T17:21:00+09:00,32264.91,32265.41,32255.54,32260.91,32232.559964783326,NaN,NaN,NaN,NaN,NaN,32261.6925,77.06889763779762,-41.93110236220238,41.6280697405294,69.10113839456099,NaN,NaN,NaN
2022-09-12T17:22:00+09:00,32260.91,32266.91,32258.41,32265.91,32234.833921474496,NaN,NaN,NaN,NaN,NaN,32263.035,-24.09090909090909,81.9090909090909,39.54409720697461,71.37903541766927,NaN,NaN,NaN
2022-09-12T17:23:00+09:00,32265.91,32267.41,32260.54,32262.91,32236.870529327043,NaN,NaN,NaN,NaN,NaN,32264.1925,86.24675324675947,-29.753246753240525,50.69876808353213,61.54206250733915,NaN,NaN,NaN
2022-09-12T17:24:00+09:00,32262.91,32262.91,32259.41,32260.41,32236.870529327043,NaN,NaN,NaN,NaN,NaN,32261.41,83.22222222222223,-23.777777777777775,61.618299337344034,49.641748097366275,NaN,NaN,NaN
2022-09-12T17:25:00+09:00,32260.41,32271.41,32260.41,32270.41,32239.710378754906,NaN,NaN,NaN,NaN,NaN,32265.66,-8,88,50.943607316461,56.25623247053149,NaN,NaN,NaN
2022-09-12T17:26:00+09:00,32270.41,32270.41,32264.91,32269.91,32242.430340879415,NaN,NaN,NaN,NaN,NaN,32268.91,34.04761904761905,-30.95238095238095,44.050937244029754,51.58389068428515,NaN,NaN,NaN
2022-09-12T17:27:00+09:00,32269.91,32269.91,32253.91,32260.91,32242.430340879415,NaN,NaN,NaN,NaN,NaN,32263.66,82.78260869565217,-36.21739130434783,52.01068758882755,46.57418039273924,NaN,NaN,NaN
2022-09-12T17:28:00+09:00,32260.91,32265.54,32259.41,32260.41,32242.430340879415,NaN,NaN,NaN,NaN,NaN,32261.5675,65.51579925650407,-49.48420074349594,57.376903091946126,46.049257907541936,NaN,NaN,NaN
2022-09-12T17:29:00+09:00,32260.41,32267.41,32259.41,32267.41,32242.430340879415,NaN,NaN,NaN,NaN,NaN,32263.66,-9.333333333333332,74.66666666666666,46.70756452807257,53.07237947602379,NaN,NaN,NaN
2022-09-12T17:30:00+09:00,32267.41,32279.54,32265.54,32279.41,32244.638030650985,NaN,NaN,NaN,NaN,NaN,32272.975,-9.308758664141713,69.6912413358583,34.69052842112146,58.98287533310288,NaN,NaN,NaN
2022-09-12T17:31:00+09:00,32279.41,32289.91,32276.54,32286.54,32254.102227585885,NaN,NaN,NaN,NaN,NaN,32283.1,-15.098566308241,59.901433691759,26.788278866163573,60.69013888703668,NaN,NaN,NaN
2022-09-12T17:32:00+09:00,32286.54,32289.91,32284.54,32287.91,32259.403504827296,NaN,NaN,NaN,NaN,NaN,32287.225,-21.709633649935157,58.29036635006484,23.543055173366994,60.51701164127717,NaN,NaN,NaN
2022-09-12T17:33:00+09:00,32287.91,32287.91,32282.41,32282.91,32259.403504827296,NaN,NaN,NaN,NaN,NaN,32285.285,99,-9,41.5959854568261,47.594476919518,NaN,NaN,NaN
2022-09-12T17:34:00+09:00,32282.91,32289.91,32282.41,32288.41,32259.88958891011,NaN,NaN,NaN,NaN,NaN,32285.91,-9.666666666666666,48.333333333333336,38.12688833015102,44.54855734253204,NaN,NaN,NaN
2022-09-12T17:35:00+09:00,32288.41,32296.41,32286.54,32294.91,32264.8706300191,NaN,NaN,NaN,NaN,NaN,32291.5675,-17.839863713792354,94.16013628620765,32.18785789439258,56.18997218420445,NaN,NaN,NaN
2022-09-12T17:36:00+09:00,32294.91,32299.54,32290.41,32297.41,32268.292067017188,NaN,NaN,NaN,NaN,NaN,32295.5675,-43.91049156272599,89.089508437274,33.633758702536326,67.32520995788994,NaN,NaN,NaN
2022-09-12T17:37:00+09:00,32297.41,32300.41,32292.41,32295.41,32269.99536031547,NaN,NaN,NaN,NaN,NaN,32296.41,85.81818181818183,-32.18181818181818,47.041339683483635,61.32317145729338,NaN,NaN,NaN
2022-09-12T17:38:00+09:00,32295.41,32310.54,32294.41,32309.54,32273.862824283922,NaN,NaN,NaN,NaN,NaN,32302.475,-7.64740221832996,123.35259778167004,40.54475056243204,75.3300184132384,NaN,NaN,NaN
2022-09-12T17:39:00+09:00,32309.54,32315.91,32308.54,32312.41,32284.26304185553,NaN,NaN,NaN,NaN,NaN,32311.6,-37.0285188592491,77.9714811407509,38.041545356373405,79.49209583410278,NaN,NaN,NaN
2022-09-12T17:40:00+09:00,32312.41,32314.41,32306.91,32306.91,32284.26304185553,NaN,NaN,NaN,NaN,NaN,32310.16,73.42105263157895,-19.57894736842105,46.26062087366013,65.55432807289844,NaN,NaN,NaN
2022-09-12T17:41:00+09:00,32306.91,32310.91,32302.41,32310.41,32284.26304185553,NaN,NaN,NaN,NaN,NaN,32307.66,-33.230769230769226,62.769230769230774,45.057926842259086,61.373611806680444,NaN,NaN,NaN
2022-09-12T17:42:00+09:00,32310.41,32320.41,32310.41,32313.41,32287.908232512684,NaN,NaN,NaN,NaN,NaN,32313.66,-48.17647058823529,68.82352941176471,45.536889270902876,62.19091214139701,NaN,NaN,NaN
2022-09-12T17:43:00+09:00,32313.41,32319.41,32311.91,32319.41,32288.658409261414,NaN,NaN,NaN,NaN,NaN,32316.035,-13.5,67.5,37.6474075603381,63.7225091897269,NaN,NaN,NaN
2022-09-12T17:44:00+09:00,32319.41,32320.41,32313.41,32316.91,32290.508568335274,NaN,NaN,NaN,NaN,NaN,32317.535,46.666666666666664,-23.333333333333332,37.92985190927905,54.008114487710984,NaN,NaN,NaN
2022-09-12T17:45:00+09:00,32316.91,32320.54,32312.91,32316.54,32290.674711501742,NaN,NaN,NaN,NaN,NaN,32316.725,55.56483126109861,-26.435168738901393,42.40920783446918,44.6862793750046,NaN,NaN,NaN
2022-09-12T17:46:00+09:00,32316.54,32319.41,32310.91,32311.91,32290.674711501742,NaN,NaN,NaN,NaN,NaN,32314.6925,68.77748460862533,-23.222515391374664,50.12111600930575,36.989879600920524,NaN,NaN,NaN
2022-09-12T17:47:00+09:00,32311.91,32314.91,32309.41,32314.91,32290.674711501742,NaN,NaN,NaN,NaN,NaN,32312.785,-30,66,47.018814050688455,42.318309757169374,NaN,NaN,NaN
2022-09-12T17:48:00+09:00,32314.91,32317.91,32306.41,32307.54,32290.674711501742,NaN,NaN,NaN,NaN,NaN,32311.692499999997,83.27586206896552,-21.724137931034484,55.3075005656034,38.50187433969786,NaN,NaN,NaN
2022-09-12T17:49:00+09:00,32307.54,32312.91,32306.41,32307.91,32290.674711501742,NaN,NaN,NaN,NaN,NaN,32308.6925,-27.391304347826086,35.60869565217391,50.400623139887806,36.824470813449,NaN,NaN,NaN
2022-09-12T17:50:00+09:00,32307.91,32315.41,32306.91,32315.41,32290.674711501742,NaN,NaN,NaN,NaN,NaN,32311.41,-6.842105263157895,58.1578947368421,38.28427431427643,41.738475912735055,NaN,NaN,NaN
2022-09-12T17:51:00+09:00,32315.41,32316.91,32311.54,32316.41,32290.674711501742,NaN,NaN,NaN,NaN,NaN,32315.0675,-29.318181818180566,40.68181818181944,33.013663983849625,42.70281275482766,NaN,NaN,NaN
2022-09-12T17:52:00+09:00,32316.41,32318.41,32311.54,32312.41,32290.92424971718,NaN,NaN,NaN,NaN,NaN,32314.6925,58.08906426155386,-16.910935738446135,37.96486147066898,36.49592771125543,NaN,NaN,NaN
2022-09-12T17:53:00+09:00,32312.41,32320.41,32310.91,32318.41,32291.164324745463,NaN,NaN,NaN,NaN,NaN,32315.535,-8.521739130434783,40.47826086956522,31.841880257315267,35.939789739939826,NaN,NaN,NaN
2022-09-12T17:54:00+09:00,32318.41,32325.91,32318.41,32325.91,32297.863892270914,NaN,NaN,NaN,NaN,NaN,32322.16,0,58,22.350664889648023,41.31580781212597,NaN,NaN,NaN
2022-09-12T17:55:00+09:00,32325.91,32329.91,32323.91,32327.91,32303.243503043825,NaN,NaN,NaN,NaN,NaN,32326.91,-19.25,57.75,19.202694825319206,46.76836037714101,NaN,NaN,NaN
2022-09-12T17:56:00+09:00,32327.91,32327.91,32324.41,32324.91,32303.810152739443,NaN,NaN,NaN,NaN,NaN,32326.285,33.25,-4.75,21.927528602907202,37.626908424109516,NaN,NaN,NaN
2022-09-12T17:57:00+09:00,32324.91,32333.41,32324.91,32333.41,32306.495137465496,NaN,NaN,NaN,NaN,NaN,32329.16,0,63,17.1268548965774,41.68481832982427,NaN,NaN,NaN
2022-09-12T17:58:00+09:00,32333.41,32333.41,32327.41,32328.41,32308.211623718948,NaN,NaN,NaN,NaN,NaN,32330.66,81.42857142857143,-13.571428571428571,32.002115602993456,35.67094836665403,NaN,NaN,NaN
2022-09-12T17:59:00+09:00,32328.41,32331.41,32325.41,32330.41,32308.211623718948,NaN,NaN,NaN,NaN,NaN,32328.91,-26,52,34.2204018788491,38.24974378419796,NaN,NaN,NaN
2022-09-12T18:00:00+09:00,32330.41,32332.41,32323.41,32327.41,32308.211623718948,NaN,NaN,NaN,NaN,NaN,32328.41,61.61538461538461,-27.384615384615387,41.62371913194689,36.1781605386883,NaN,NaN,NaN
2022-09-12T18:01:00+09:00,32327.41,32333.41,32327.41,32328.54,32308.539383691113,NaN,NaN,NaN,NaN,NaN,32329.192499999997,-34.04967801287555,41.95032198712445,41.581038165453506,37.103305089419926,NaN,NaN,NaN
2022-09-12T18:02:00+09:00,32328.54,32328.54,32325.54,32327.54,32308.539383691113,NaN,NaN,NaN,NaN,NaN,32327.54,37.8,-25.200000000000003,40.62510838246678,34.358764954747855,NaN,NaN,NaN
2022-09-12T18:03:00+09:00,32327.54,32327.54,32324.41,32324.41,32308.539383691113,NaN,NaN,NaN,NaN,NaN,32325.975000000002,50,0,42.729848841103404,25.08293868239287,NaN,NaN,NaN
2022-09-12T18:04:00+09:00,32324.41,32332.41,32324.41,32327.41,32308.539383691113,NaN,NaN,NaN,NaN,NaN,32327.16,-40.769230769230774,65.23076923076924,42.7658794377944,32.80093975139822,NaN,NaN,NaN
2022-09-12T18:05:00+09:00,32327.41,32331.54,32326.91,32327.41,32309.909998639738,NaN,NaN,NaN,NaN,NaN,32328.3175,28.541095890410602,-25.458904109589398,39.2186912001212,32.89493110819735,NaN,NaN,NaN
2022-09-12T18:06:00+09:00,32327.41,32330.41,32322.91,32324.91,32309.909998639738,NaN,NaN,NaN,NaN,NaN,32326.41,60.714285714285715,-24.285714285714285,43.70579276924403,30.766124741776366,NaN,NaN,NaN
2022-09-12T18:07:00+09:00,32324.91,32329.41,32324.41,32327.41,32309.909998639738,NaN,NaN,NaN,NaN,NaN,32326.535,-10,25,36.401119969213724,28.792391964727027,NaN,NaN,NaN
2022-09-12T18:08:00+09:00,32327.41,32338.41,32326.41,32335.41,32311.55686400837,NaN,NaN,NaN,NaN,NaN,32331.91,-14.200000000000001,56.800000000000004,29.02467177690272,35.300860779282935,NaN,NaN,NaN
2022-09-12T18:09:00+09:00,32335.41,32336.41,32330.41,32330.91,32312.842177607534,NaN,NaN,NaN,NaN,NaN,32333.285,48.857142857142854,-8.142857142857142,32.138677498885,30.138477073815466,NaN,NaN,NaN
2022-09-12T18:10:00+09:00,32330.91,32330.91,32322.54,32323.54,32312.842177607534,NaN,NaN,NaN,NaN,NaN,32326.975,66.10245464247512,-7.897545357524872,41.4081232152781,23.28764821837595,NaN,NaN,NaN
2022-09-12T18:11:00+09:00,32323.54,32332.41,32323.54,32331.54,32312.842177607534,NaN,NaN,NaN,NaN,NaN,32327.7575,-3.3942505133437586,34.605749486656244,34.22201646889279,24.404466321586142,NaN,NaN,NaN
2022-09-12T18:12:00+09:00,32331.54,32331.54,32319.41,32325.91,32312.842177607534,NaN,NaN,NaN,NaN,NaN,32327.100000000002,43.62372517445109,-23.376274825548908,34.77591695868604,24.42662297337938,NaN,NaN,NaN
2022-09-12T18:13:00+09:00,32325.91,32326.41,32322.41,32323.41,32312.842177607534,NaN,NaN,NaN,NaN,NaN,32324.535,64,-16,42.22041284146284,22.325506392982845,NaN,NaN,NaN
2022-09-12T18:14:00+09:00,32323.41,32333.91,32322.41,32330.54,32312.842177607534,NaN,NaN,NaN,NaN,NaN,32327.567499999997,-14.277740416943535,48.72225958305646,37.09586870602721,28.399415545402114,NaN,NaN,NaN
2022-09-12T18:15:00+09:00,32330.54,32331.41,32324.41,32330.41,32312.842177607534,NaN,NaN,NaN,NaN,NaN,32329.1925,30.69230769230769,-26.30769230769231,34.21384241873842,29.39496202407948,NaN,NaN,NaN
2022-09-12T18:16:00+09:00,32330.41,32330.91,32320.54,32326.54,32312.842177607534,NaN,NaN,NaN,NaN,NaN,32327.1,50.67806963958279,-29.32193036041722,37.60939265212732,29.625590727833256,NaN,NaN,NaN
2022-09-12T18:17:00+09:00,32326.54,32328.54,32321.54,32326.41,32312.842177607534,NaN,NaN,NaN,NaN,NaN,32325.7575,40.101095197981536,-27.898904802018464,39.0812058469381,29.251576422318003,NaN,NaN,NaN
2022-09-12T18:18:00+09:00,32326.41,32327.91,32323.54,32326.41,32312.842177607534,NaN,NaN,NaN,NaN,NaN,32326.0675,-27.352209944749372,41.64779005525063,36.51691017009361,32.25712625417235,NaN,NaN,NaN
2022-09-12T18:19:00+09:00,32326.41,32339.41,32326.41,32330.54,32312.842177607534,NaN,NaN,NaN,NaN,NaN,32330.692499999997,-51.50845907635679,75.49154092364321,39.62372347744828,43.81711737950365,NaN,NaN,NaN
2022-09-12T18:20:00+09:00,32330.54,32337.54,32329.41,32336.91,32312.842177607534,NaN,NaN,NaN,NaN,NaN,32333.600000000002,-11.592872570202283,83.40712742979771,33.392714077475446,56.60461767340999,NaN,NaN,NaN
2022-09-12T18:21:00+09:00,32336.91,32342.41,32336.41,32340.91,32315.868050112913,NaN,NaN,NaN,NaN,NaN,32339.16,-14.8,59.2,27.18678320811338,60.45033832853407,NaN,NaN,NaN
2022-09-12T18:22:00+09:00,32340.91,32343.41,32332.41,32333.41,32315.868050112913,NaN,NaN,NaN,NaN,NaN,32337.535,71.7037037037037,-16.296296296296294,36.76453061467044,50.373257984255645,NaN,NaN,NaN
2022-09-12T18:23:00+09:00,32333.41,32334.41,32329.41,32330.54,32315.868050112913,NaN,NaN,NaN,NaN,NaN,32331.942499999997,47.30831973898072,-10.69168026101928,41.79491474738728,37.93359346737695,NaN,NaN,NaN
2022-09-12T18:24:00+09:00,32330.54,32330.54,32323.41,32325.54,32315.868050112913,NaN,NaN,NaN,NaN,NaN,32327.5075,70.83801295895782,-21.16198704104218,50.31328533345912,30.630775731573586,NaN,NaN,NaN
2022-09-12T18:25:00+09:00,32325.54,32328.41,32323.54,32328.41,32315.868050112913,NaN,NaN,NaN,NaN,NaN,32326.475,-28.82096069869423,70.17903930130576,47.06979682128586,38.69213719005579,NaN,NaN,NaN
2022-09-12T18:26:00+09:00,32328.41,32328.41,32324.41,32325.41,32315.868050112913,NaN,NaN,NaN,NaN,NaN,32326.66,32,-8,42.49147548792108,33.034443257162394,NaN,NaN,NaN
2022-09-12T18:27:00+09:00,32325.41,32325.91,32319.41,32320.54,32315.868050112913,NaN,NaN,NaN,NaN,NaN,32322.817499999997,34.07601572738733,-5.923984272612675,39.24303021444645,24.842405027801615,NaN,NaN,NaN
2022-09-12T18:28:00+09:00,32320.54,32326.41,32316.41,32316.91,32315.868050112913,NaN,NaN,NaN,NaN,NaN,32320.0675,52.29993698803108,-30.70006301196892,41.695145589473945,24.258809966503243,NaN,NaN,NaN
2022-09-12T18:29:00+09:00,32316.91,32316.91,32309.91,32312.54,NaN,NaN,NaN,32335.395498965852,32335.395498965852,32335.395498965852,32314.067499999997,37.071651090338754,-13.928348909661242,41.15230080844702,21.53029593696815,NaN,NaN,NaN
2022-09-12T18:30:00+09:00,32312.54,32312.54,32303.41,32306.41,NaN,NaN,NaN,32330.50094906927,NaN,NaN,32308.725000000002,75.26793075020818,-24.73206924979182,49.54549709863058,21.648610757790294,NaN,NaN,NaN
2022-09-12T18:31:00+09:00,32306.41,32311.41,32303.41,32303.54,NaN,NaN,NaN,32330.083354162343,NaN,NaN,32306.192499999997,51.69230769230769,-32.30769230769231,52.18049881959575,24.342959850471335,NaN,NaN,NaN
2022-09-12T18:32:00+09:00,32303.54,32305.91,32295.41,32295.41,NaN,NaN,NaN,32324.21601874611,NaN,NaN,32300.0675,87.2960372960442,-19.703962703955796,61.61813386894916,23.85679783701271,NaN,NaN,NaN
2022-09-12T18:33:00+09:00,32295.41,32302.41,32294.91,32300.91,NaN,NaN,NaN,32322.110416871496,NaN,NaN,32298.41,-11.5,57.5,51.44800916405022,32.14605787439488,NaN,NaN,NaN
2022-09-12T18:34:00+09:00,32300.91,32304.41,32300.41,32302.41,NaN,NaN,NaN,32322.110416871496,NaN,NaN,32302.035,-31,62,43.79347569681293,41.681858415141704,NaN,NaN,NaN
2022-09-12T18:35:00+09:00,32302.41,32304.91,32299.91,32300.91,NaN,NaN,NaN,32322.110416871496,NaN,NaN,32302.035,54.666666666666664,-27.333333333333332,44.59814007246705,40.478677279876315,NaN,NaN,NaN
2022-09-12T18:36:00+09:00,32300.91,32303.41,32300.91,32301.54,NaN,NaN,NaN,32322.110416871496,NaN,NaN,32301.692499999997,-20.54004576658399,27.459954233416013,38.78478258990981,36.92320123444489,NaN,NaN,NaN
2022-09-12T18:37:00+09:00,32301.54,32303.91,32297.54,32301.54,NaN,NaN,NaN,32320.786618509388,NaN,NaN,32301.1325,-30.85824493732222,49.14175506267778,35.349808806123605,39.08897068014526,NaN,NaN,NaN
2022-09-12T18:38:00+09:00,32301.54,32303.41,32297.54,32301.41,NaN,NaN,NaN,32320.291456658448,NaN,NaN,32300.975,21.69609856262911,-14.303901437370891,31.077637799303428,33.43414573087676,NaN,NaN,NaN
2022-09-12T18:39:00+09:00,32301.41,32303.41,32298.91,32302.91,NaN,NaN,NaN,32320.291456658448,NaN,NaN,32301.66,-17.5,31.500000000000004,26.615185597772527,31.536903060840444,NaN,NaN,NaN
2022-09-12T18:40:00+09:00,32302.91,32308.41,32302.91,32307.91,NaN,NaN,NaN,32320.291456658448,NaN,NaN,32305.535,-3.4166666666666665,37.58333333333333,19.699942814613337,32.57419996145459,NaN,NaN,NaN
2022-09-12T18:41:00+09:00,32307.91,32314.54,32307.41,32314.41,NaN,NaN,NaN,32320.291456658448,NaN,NaN,32311.0675,-1.834862385320856,26.165137614679146,13.50486201150042,31.231258599914263,NaN,NaN,NaN
2022-09-12T18:42:00+09:00,32314.41,32315.41,32308.54,32310.41,NaN,NaN,NaN,32320.291456658448,NaN,NaN,32312.1925,33.79977116705092,-9.200228832949078,17.029819099609814,25.387765817787887,NaN,NaN,NaN
2022-09-12T18:43:00+09:00,32310.41,32313.91,32308.41,32310.41,NaN,NaN,NaN,32320.291456658448,NaN,NaN,32310.785,32.38888888888889,-20.61111111111111,21.750825818956933,22.7327289455871,NaN,NaN,NaN
2022-09-12T18:44:00+09:00,32310.41,32312.41,32303.54,32304.41,NaN,NaN,NaN,32320.291456658448,NaN,NaN,32307.6925,48.960441582335676,-11.039558417664328,29.7334814396384,19.14567709555621,NaN,NaN,NaN
2022-09-12T18:45:00+09:00,32304.41,32304.91,32298.41,32298.54,NaN,NaN,NaN,32320.291456658448,NaN,NaN,32301.567499999997,39.92857142857143,-3.071428571428571,34.27791784204202,14.230352002016577,NaN,NaN,NaN
2022-09-12T18:46:00+09:00,32299.41,32310.91,32298.91,32299.91,NaN,NaN,NaN,32320.291456658448,NaN,NaN,32302.285,-43.52173913043478,47.47826086956522,37.724982264741115,21.31349794551883,NaN,NaN,NaN
2022-09-12T18:47:00+09:00,32299.91,32304.91,32299.91,32301.54,NaN,NaN,NaN,32320.291456658448,NaN,NaN,32301.567499999997,-19.326164874548482,28.673835125451518,33.987044022867735,24.924368726377566,NaN,NaN,NaN
2022-09-12T18:48:00+09:00,32301.54,32304.91,32301.54,32304.41,NaN,NaN,NaN,32320.291456658448,NaN,NaN,32303.1,-6.847545219640046,46.15245478035995,26.267684761592466,31.134107935087847,NaN,NaN,NaN
2022-09-12T18:49:00+09:00,32304.41,32304.91,32298.41,32299.41,NaN,NaN,NaN,32320.291456658448,NaN,NaN,32301.785,39.86666666666667,-6.133333333333333,27.737590422542198,26.436349086826787,NaN,NaN,NaN
2022-09-12T18:50:00+09:00,32299.41,32301.41,32294.41,32295.41,NaN,NaN,NaN,32317.77860873141,NaN,NaN,32297.66,39.666666666666664,-11.333333333333332,31.08733589881075,21.48615543638816,NaN,NaN,NaN
2022-09-12T18:51:00+09:00,32295.41,32296.91,32289.91,32290.91,NaN,NaN,NaN,32313.391747858266,NaN,NaN,32293.285,34.588235294117645,-7.411764705882353,32.79999711670461,16.73000934115205,NaN,NaN,NaN
2022-09-12T18:52:00+09:00,32290.91,32296.41,32287.41,32293.54,NaN,NaN,NaN,32312.59357307244,NaN,NaN,32292.067499999997,-25.76,66.24,31.468163142001924,27.918470482055014,NaN,NaN,NaN
2022-09-12T18:53:00+09:00,32293.54,32295.41,32291.54,32294.41,NaN,NaN,NaN,32312.59357307244,NaN,NaN,32293.725,-10.562180579218186,20.437819420781814,25.908709007630318,28.845423001962452,NaN,NaN,NaN
2022-09-12T18:54:00+09:00,32294.41,32295.91,32289.41,32290.41,NaN,NaN,NaN,32312.408594188677,NaN,NaN,32292.535,41.4375,-9.5625,28.401043222129836,24.2564303814487,NaN,NaN,NaN
2022-09-12T18:55:00+09:00,32290.41,32291.41,32280.91,32280.91,NaN,NaN,NaN,32307.08373476981,NaN,NaN,32285.91,53.869565217391305,-5.130434782608695,35.39125727457008,18.32768332661026,NaN,NaN,NaN
2022-09-12T18:56:00+09:00,32280.91,32284.41,32277.54,32278.91,NaN,NaN,NaN,32301.867361292825,NaN,NaN,32280.4425,35.77434908389406,-18.225650916105934,37.23458374001114,16.81998846027457,NaN,NaN,NaN
2022-09-12T18:57:00+09:00,32278.91,32280.91,32271.41,32272.41,NaN,NaN,NaN,32297.813125163546,NaN,NaN,32275.91,92.52173913043478,-19.47826086956522,51.517204203977315,17.10763284601331,NaN,NaN,NaN
2022-09-12T18:58:00+09:00,32272.41,32278.91,32272.41,32275.41,NaN,NaN,NaN,32297.09781264719,NaN,NaN,32274.785,-36.4,67.60000000000001,51.30855826897453,29.80263573094467,NaN,NaN,NaN
2022-09-12T18:59:00+09:00,32275.41,32281.41,32275.41,32275.41,NaN,NaN,NaN,32297.09781264719,NaN,NaN,32276.91,-22,-22,43.9292572179802,31.02572751944134,NaN,NaN,NaN
2022-09-12T19:00:00+09:00,32275.41,32275.41,32267.91,32267.91,NaN,NaN,NaN,32292.894628244223,NaN,NaN,32271.66,102,0,56.60211765073656,23.57506858670517,NaN,NaN,NaN
2022-09-12T19:01:00+09:00,32267.91,32268.91,32261.41,32267.54,NaN,NaN,NaN,32286.521165419803,NaN,NaN,32266.442499999997,64.93030080703844,-53.069699192961565,61.85237854800112,29.086061505085226,NaN,NaN,NaN
2022-09-12T19:02:00+09:00,32267.54,32270.91,32265.41,32270.41,NaN,NaN,NaN,32286.521165419803,NaN,NaN,32268.5675,-24.845347313245785,64.15465268675422,53.91318596362842,39.230957530097484,NaN,NaN,NaN
2022-09-12T19:03:00+09:00,32270.41,32270.91,32264.91,32269.54,NaN,NaN,NaN,32286.521165419803,NaN,NaN,32268.942499999997,35.55973659454034,-27.440263405459664,47.34002547526323,38.819508005191096,NaN,NaN,NaN
2022-09-12T19:04:00+09:00,32269.54,32278.41,32268.41,32277.41,NaN,NaN,NaN,32286.521165419803,NaN,NaN,32273.4425,-9.746630727770697,86.25336927222929,36.298386666298796,50.575110940724045,NaN,NaN,NaN
2022-09-12T19:05:00+09:00,32277.41,32279.41,32270.41,32272.91,NaN,NaN,NaN,32286.521165419803,NaN,NaN,32275.035,111.91304347826087,-31.08695652173913,52.4416411670482,48.64197306986105,NaN,NaN,NaN
2022-09-12T19:06:00+09:00,32272.91,32276.91,32267.41,32267.54,NaN,NaN,NaN,32286.521165419803,NaN,NaN,32271.192499999997,64.03703703703704,-26.962962962962962,59.376303759732764,42.73893607542078,NaN,NaN,NaN
2022-09-12T19:07:00+09:00,32267.54,32274.41,32264.41,32269.54,NaN,NaN,NaN,32286.521165419803,NaN,NaN,32268.975,-23.25285810356095,47.74714189643905,52.07910799386095,42.51522828206528,NaN,NaN,NaN
2022-09-12T19:08:00+09:00,32269.54,32269.54,32265.54,32265.54,NaN,NaN,NaN,32286.521165419803,NaN,NaN,32267.54,44,0,48.23503205392776,31.830494263210085,NaN,NaN,NaN
2022-09-12T19:09:00+09:00,32265.54,32268.91,32263.54,32263.54,NaN,NaN,NaN,32286.521165419803,NaN,NaN,32265.3825,28.877574370710636,-18.122425629289364,42.43464864814018,25.732293600016106,NaN,NaN,NaN
2022-09-12T19:10:00+09:00,32263.54,32273.54,32263.54,32270.41,NaN,NaN,NaN,32286.521165419803,NaN,NaN,32267.7575,-20.50114242193958,65.49885757806041,35.50117624014314,34.14938442872869,NaN,NaN,NaN
2022-09-12T19:11:00+09:00,32270.41,32272.91,32269.54,32272.41,NaN,NaN,NaN,32286.521165419803,NaN,NaN,32271.3175,-7.591981132070231,29.40801886792977,26.79050936112565,35.0683157457071,NaN,NaN,NaN
2022-09-12T19:12:00+09:00,32272.41,32274.41,32263.54,32263.54,NaN,NaN,NaN,32286.521165419803,NaN,NaN,32268.475,35.47319347319296,-6.526806526807043,26.783513669388107,28.162671270226692,NaN,NaN,NaN
2022-09-12T19:13:00+09:00,32263.54,32266.91,32263.54,32265.41,NaN,NaN,NaN,32286.402799922933,NaN,NaN,32264.85,-14.784394250516439,33.21560574948356,23.781984891735803,27.699493771170808,NaN,NaN,NaN
2022-09-12T19:14:00+09:00,32265.41,32265.41,32253.41,32253.41,NaN,NaN,NaN,32282.07001993064,NaN,NaN,32259.41,76,0,36.08610647438878,20.658825953614134,NaN,NaN,NaN
2022-09-12T19:15:00+09:00,32253.41,32255.41,32244.41,32253.91,NaN,NaN,NaN,32273.604017937578,NaN,NaN,32251.785,-84.15,102.85000000000001,51.178110251454825,39.44645251082143,NaN,NaN,NaN
2022-09-12T19:16:00+09:00,32253.91,32265.54,32253.41,32265.41,NaN,NaN,NaN,32273.604017937578,NaN,NaN,32259.5675,-4.394299287410572,106.60570071258944,43.255158454710276,60.93317120056526,NaN,NaN,NaN
2022-09-12T19:17:00+09:00,32265.41,32271.41,32265.41,32269.54,NaN,NaN,NaN,32273.604017937578,NaN,NaN,32267.942499999997,-12.118170266831054,38.88182973316895,33.49017345855434,60.79201550615214,NaN,NaN,NaN
2022-09-12T19:18:00+09:00,32269.54,32271.41,32265.54,32267.41,NaN,NaN,NaN,32273.604017937578,NaN,NaN,32268.475,34.12790697674725,-10.872093023252754,31.20836058906358,48.27674596182401,NaN,NaN,NaN
2022-09-12T19:19:00+09:00,32267.41,32267.41,32256.41,32261.91,NaN,NaN,NaN,32273.604017937578,NaN,NaN,32263.285,36.666666666666664,-18.333333333333332,32.00248389109166,37.66207541861931,NaN,NaN,NaN
2022-09-12T19:20:00+09:00,32261.91,32263.54,32253.54,32262.54,NaN,NaN,NaN,32273.604017937578,NaN,NaN,32260.3825,-26.426782798038534,31.573217201961466,30.807089443335396,33.486193228653676,NaN,NaN,NaN
2022-09-12T19:21:00+09:00,32262.54,32267.41,32262.54,32266.54,NaN,NaN,NaN,32273.604017937578,NaN,NaN,32264.7575,-9.245644599295591,51.75435540070441,25.117879620386383,37.00926322417495,NaN,NaN,NaN
2022-09-12T19:22:00+09:00,32266.54,32267.41,32260.91,32266.91,NaN,NaN,NaN,32273.604017937578,NaN,NaN,32265.4425,-25.991755976919258,30.008244023080746,23.914046253782345,36.13977592278172,NaN,NaN,NaN
2022-09-12T19:23:00+09:00,32266.91,32267.91,32265.91,32265.91,NaN,NaN,NaN,32273.604017937578,NaN,NaN,32266.66,43.33333333333333,-21.666666666666664,28.467909682019084,32.30412678340465,NaN,NaN,NaN
2022-09-12T19:24:00+09:00,32265.91,32271.91,32265.91,32267.91,NaN,NaN,NaN,32273.604017937578,NaN,NaN,32267.91,-19.6,29.4,27.389398118573496,30.61918280270922,NaN,NaN,NaN
2022-09-12T19:25:00+09:00,32267.91,32277.41,32265.91,32275.91,32248.91012440745,32248.91012440745,32248.91012440745,NaN,NaN,NaN,32271.785,-14.666666666666666,84.33333333333333,23.939087364735393,43.62648444019139,NaN,NaN,NaN
2022-09-12T19:26:00+09:00,32275.91,32279.91,32270.41,32270.41,32251.835111966706,NaN,NaN,NaN,NaN,NaN,32274.16,50.66666666666667,-21.333333333333332,29.758404501758687,41.30502207284742,NaN,NaN,NaN
2022-09-12T19:27:00+09:00,32270.41,32274.54,32268.91,32271.41,32251.835111966706,NaN,NaN,NaN,NaN,NaN,32271.3175,-20.723744292239367,37.27625570776063,28.95456873363468,39.71746488973973,NaN,NaN,NaN
2022-09-12T19:28:00+09:00,32271.41,32271.91,32267.91,32269.41,32251.835111966706,NaN,NaN,NaN,NaN,NaN,32270.16,27.636363636363637,-10.363636363636363,28.424058517285918,31.982118462436965,NaN,NaN,NaN
2022-09-12T19:29:00+09:00,32269.41,32277.41,32269.41,32276.91,32251.835111966706,NaN,NaN,NaN,NaN,NaN,32273.285,-2.2941176470588234,36.705882352941174,21.758945745641952,31.229222828237326,NaN,NaN,NaN
2022-09-12T19:30:00+09:00,32276.91,32278.91,32271.41,32271.91,32253.243259961357,NaN,NaN,NaN,NaN,NaN,32274.785,37.89473684210526,-10.105263157894736,24.12661532684679,25.760009002101768,NaN,NaN,NaN
2022-09-12T19:31:00+09:00,32271.91,32279.91,32271.91,32279.41,32253.78493396522,NaN,NaN,NaN,NaN,NaN,32275.785,-3.3529411764705883,53.64705882352941,19.52511418455395,31.364468000924788,NaN,NaN,NaN
2022-09-12T19:32:00+09:00,32279.41,32288.91,32276.41,32278.41,32258.9974405687,NaN,NaN,NaN,NaN,NaN,32280.785,48.29545454545455,-36.70454545454545,25.56732398920589,34.10060211403571,NaN,NaN,NaN
2022-09-12T19:33:00+09:00,32278.41,32281.41,32278.41,32278.91,32258.9974405687,NaN,NaN,NaN,NaN,NaN,32279.285,-15.909090909090908,19.09090909090909,24.663318170340126,31.032212386531786,NaN,NaN,NaN
2022-09-12T19:34:00+09:00,32278.91,32286.54,32278.91,32283.54,32260.459326860644,NaN,NaN,NaN,NaN,NaN,32281.975,-19.755409219189076,50.244590780810924,23.210339477835923,35.068209553225586,NaN,NaN,NaN
2022-09-12T19:35:00+09:00,32283.54,32283.54,32276.41,32277.41,32260.459326860644,NaN,NaN,NaN,NaN,NaN,32280.225000000002,53.496924969250635,-7.503075030749367,30.41874117756355,29.185925214279983,NaN,NaN,NaN
2022-09-12T19:36:00+09:00,32277.41,32284.91,32275.41,32282.41,32260.459326860644,NaN,NaN,NaN,NaN,NaN,32280.035,-12.708333333333334,48.291666666666664,27.793239641437903,32.49178949264025,NaN,NaN,NaN
2022-09-12T19:37:00+09:00,32282.41,32282.41,32276.91,32278.91,32260.459326860644,NaN,NaN,NaN,NaN,NaN,32280.16,46.199999999999996,-16.8,31.738554347047014,29.395308189070256,NaN,NaN,NaN
2022-09-12T19:38:00+09:00,32278.91,32279.41,32271.41,32274.41,32260.459326860644,NaN,NaN,NaN,NaN,NaN,32276.035,31.272727272727273,-11.727272727272727,32.60842625486936,24.204178997728377,NaN,NaN,NaN
2022-09-12T19:39:00+09:00,32274.41,32281.54,32274.41,32280.54,32260.459326860644,NaN,NaN,NaN,NaN,NaN,32277.725,-7.380073800737083,52.61992619926292,26.518806118291874,30.010333500276545,NaN,NaN,NaN
2022-09-12T19:40:00+09:00,32280.54,32280.54,32273.41,32276.41,32260.459326860644,NaN,NaN,NaN,NaN,NaN,32277.725000000002,28.153998025667526,-11.846001974332472,25.405199060991414,26.920789244427567,NaN,NaN,NaN
2022-09-12T19:41:00+09:00,32276.41,32279.41,32272.91,32274.54,32260.459326860644,NaN,NaN,NaN,NaN,NaN,32275.817499999997,39,-18,28.525497531418445,23.91820586935843,NaN,NaN,NaN
2022-09-12T19:42:00+09:00,32274.54,32279.91,32273.54,32279.91,32260.459326860644,NaN,NaN,NaN,NaN,NaN,32276.975,-5.291723202171695,33.708276797828304,23.497128566713517,25.615077757708615,NaN,NaN,NaN
2022-09-12T19:43:00+09:00,32279.91,32280.91,32274.54,32276.54,32260.459326860644,NaN,NaN,NaN,NaN,NaN,32277.975,39.57467144563768,-12.425328554362325,26.259422045268323,22.74185842895959,NaN,NaN,NaN
2022-09-12T19:44:00+09:00,32276.54,32279.54,32275.41,32279.54,32260.459326860644,NaN,NaN,NaN,NaN,NaN,32277.7575,-6.659695817493918,24.34030418250608,22.050063857963423,22.423165035158956,NaN,NaN,NaN
2022-09-12T19:45:00+09:00,32279.54,32281.54,32276.91,32281.54,32260.459326860644,NaN,NaN,NaN,NaN,NaN,32279.8825,-17.38842975206797,30.61157024793203,19.832315784663336,24.390592989902068,NaN,NaN,NaN
2022-09-12T19:46:00+09:00,32281.54,32281.54,32275.91,32279.91,32260.459326860644,NaN,NaN,NaN,NaN,NaN,32279.725000000002,19.87746625129952,-14.122533748700478,19.28916638299736,22.315435168287447,NaN,NaN,NaN
2022-09-12T19:47:00+09:00,32279.91,32280.91,32277.41,32277.54,32260.535948181787,NaN,NaN,NaN,NaN,NaN,32278.942499999997,27.22222222222222,-7.777777777777778,21.13664299238708,18.162231365256375,NaN,NaN,NaN
2022-09-12T19:48:00+09:00,32277.54,32277.54,32265.41,32265.54,32260.535948181787,NaN,NaN,NaN,NaN,NaN,32271.5075,93.99265905382588,-1.0073409461741205,39.812516160094205,12.835207809728043,NaN,NaN,NaN
2022-09-12T19:49:00+09:00,32265.54,32272.41,32265.54,32270.54,32260.535948181787,NaN,NaN,NaN,NaN,NaN,32268.5075,-9.200228832949078,33.79977116705092,36.82841262023471,16.74459276017668,NaN,NaN,NaN
2022-09-12T19:50:00+09:00,32270.54,32271.41,32266.91,32267.91,32260.535948181787,NaN,NaN,NaN,NaN,NaN,32269.1925,49.909090909090914,-11.090909090909092,39.35255630748388,16.30851808047194,NaN,NaN,NaN
2022-09-12T19:51:00+09:00,32267.91,32273.91,32267.41,32273.91,32260.535948181787,NaN,NaN,NaN,NaN,NaN,32270.785,-2.7857142857142856,36.214285714285715,30.841881723853774,21.1759413189992,NaN,NaN,NaN
2022-09-12T19:52:00+09:00,32273.91,32273.91,32268.41,32270.54,32260.535948181787,NaN,NaN,NaN,NaN,NaN,32271.692499999997,25.950196592394963,-10.049803407605037,27.491291795081544,19.611262650782475,NaN,NaN,NaN
2022-09-12T19:53:00+09:00,32270.54,32272.41,32267.41,32271.41,32260.535948181787,NaN,NaN,NaN,NaN,NaN,32270.4425,-17.32472324723594,27.67527675276406,24.11200217592709,21.236096509223692,NaN,NaN,NaN
2022-09-12T19:54:00+09:00,32271.41,32281.54,32271.41,32277.91,32260.535948181787,NaN,NaN,NaN,NaN,NaN,32275.5675,-13.454215116280855,37.54578488371915,20.602733006226913,25.71972706745786,NaN,NaN,NaN
2022-09-12T19:55:00+09:00,32277.91,32279.41,32270.91,32270.91,32260.535948181787,NaN,NaN,NaN,NaN,NaN,32274.785,47.6,-8.4,26.474732462245143,22.510702940151937,NaN,NaN,NaN
2022-09-12T19:56:00+09:00,32270.91,32270.91,32261.41,32264.41,32260.535948181787,NaN,NaN,NaN,NaN,NaN,32266.91,48.64,-15.36,33.48404921068841,19.92077117328747,NaN,NaN,NaN
2022-09-12T19:57:00+09:00,32264.41,32266.41,32260.54,32261.54,32260.535948181787,NaN,NaN,NaN,NaN,NaN,32263.225,43.26048284624968,-14.739517153750318,37.680486806689544,17.977974726687066,NaN,NaN,NaN
2022-09-12T19:58:00+09:00,32261.54,32261.54,32256.41,32257.41,NaN,NaN,NaN,32279.448399512537,32279.448399512537,32279.448399512537,32259.225000000002,37.65905383360644,-7.340946166393559,38.72423796241905,14.833018474963588,NaN,NaN,NaN
2022-09-12T19:59:00+09:00,32257.41,32259.54,32253.54,32253.54,NaN,NaN,NaN,32276.766059561283,NaN,NaN,32256.0075,27.306273062727204,-9.693726937272794,36.13068452642847,12.76195652761002,NaN,NaN,NaN
2022-09-12T20:00:00+09:00,32253.54,32254.41,32246.91,32248.41,NaN,NaN,NaN,32271.113453605154,NaN,NaN,32250.8175,105,-21,52.6996250358237,14.303701908869122,NaN,NaN,NaN
2022-09-12T20:01:00+09:00,32248.41,32251.54,32241.91,32243.91,NaN,NaN,NaN,32268.022108244637,NaN,NaN,32246.4425,84.52664576802053,-27.473354231979478,64.79861534622171,17.981551334961487,NaN,NaN,NaN
2022-09-12T20:02:00+09:00,32243.91,32250.41,32242.41,32250.41,NaN,NaN,NaN,32267.977397420174,NaN,NaN,32246.785,-14.842105263157894,79.1578947368421,55.33423540305526,34.19509954195473,NaN,NaN,NaN
2022-09-12T20:03:00+09:00,32250.41,32253.41,32249.41,32251.41,NaN,NaN,NaN,32267.977397420174,NaN,NaN,32251.16,-22.333333333333332,44.666666666666664,44.71791489983316,40.86637837488102,NaN,NaN,NaN
2022-09-12T20:04:00+09:00,32251.41,32252.91,32239.41,32241.41,NaN,NaN,NaN,32267.977397420174,NaN,NaN,32246.285,65.3225806451613,-9.67741935483871,47.215001210359674,34.73695832810202,NaN,NaN,NaN
2022-09-12T20:05:00+09:00,32241.41,32246.41,32241.41,32246.41,NaN,NaN,NaN,32265.749632719308,NaN,NaN,32243.91,0,68,36.03552248540139,41.52036373438176,NaN,NaN,NaN
2022-09-12T20:06:00+09:00,32246.41,32247.41,32241.41,32244.54,NaN,NaN,NaN,32265.749632719308,NaN,NaN,32244.942499999997,25.629791894849276,-13.370208105150724,30.639220156523784,36.17867617864394,NaN,NaN,NaN
2022-09-12T20:07:00+09:00,32244.54,32250.54,32241.54,32241.54,NaN,NaN,NaN,32265.749632719308,NaN,NaN,32244.54,49.199999999999996,-32.800000000000004,33.93033953517344,33.9985852450485,NaN,NaN,NaN
2022-09-12T20:08:00+09:00,32241.54,32248.41,32235.41,32235.54,NaN,NaN,NaN,32265.619092252375,NaN,NaN,32240.225,74.58480120785485,-39.41519879214515,44.9167347980062,34.8077158984238,NaN,NaN,NaN
2022-09-12T20:09:00+09:00,32235.54,32237.41,32232.41,32233.41,NaN,NaN,NaN,32257.74818302714,NaN,NaN,32234.6925,64.77438136827743,-24.225618631722565,52.6277452562822,32.36447424509232,NaN,NaN,NaN
2022-09-12T20:10:00+09:00,32233.41,32233.91,32228.41,32228.41,NaN,NaN,NaN,32253.364364724424,NaN,NaN,32231.035,67.83333333333333,-6.166666666666666,58.35689489011398,25.204211937153033,NaN,NaN,NaN
2022-09-12T20:11:00+09:00,32228.41,32232.41,32227.41,32228.54,NaN,NaN,NaN,32251.393928251982,NaN,NaN,32229.192499999997,-33.15896279593645,42.84103720406354,53.48969927502754,27.823352676895837,NaN,NaN,NaN
2022-09-12T20:12:00+09:00,32228.54,32231.41,32221.91,32231.41,NaN,NaN,NaN,32248.845535426783,NaN,NaN,32228.3175,-49.73527588345149,71.2647241165485,51.33429452336192,39.33848072174471,NaN,NaN,NaN
2022-09-12T20:13:00+09:00,32231.41,32231.41,32221.41,32223.41,NaN,NaN,NaN,32248.845535426783,NaN,NaN,32226.91,43.333333333333336,-8.666666666666666,48.795203037938364,34.549309219187414,NaN,NaN,NaN
2022-09-12T20:14:00+09:00,32223.41,32224.41,32209.41,32213.54,NaN,NaN,NaN,32242.080283695694,NaN,NaN,32217.692499999997,69.00156821745581,-18.998431782544188,53.21202146146184,29.464296984387286,NaN,NaN,NaN
2022-09-12T20:15:00+09:00,32213.54,32228.41,32213.54,32225.91,NaN,NaN,NaN,32242.080283695694,NaN,NaN,32220.35,-12.665515256189574,75.33448474381042,44.17959951602464,39.660590865543035,NaN,NaN,NaN
2022-09-12T20:16:00+09:00,32225.91,32226.91,32222.91,32223.41,NaN,NaN,NaN,32242.080283695694,NaN,NaN,32224.785,53.6,-13.4,44.27659415065918,35.644516619446215,NaN,NaN,NaN
2022-09-12T20:17:00+09:00,32223.41,32230.41,32223.41,32230.41,NaN,NaN,NaN,32242.080283695694,NaN,NaN,32226.91,0,46,33.23169427165302,37.22936890306046,NaN,NaN,NaN
2022-09-12T20:18:00+09:00,32230.41,32238.54,32230.41,32234.41,NaN,NaN,NaN,32242.080283695694,NaN,NaN,32233.4425,-32.33931484502707,63.660685154972924,30.247374445244994,44.23341103694214,NaN,NaN,NaN
2022-09-12T20:19:00+09:00,32234.41,32234.41,32227.91,32228.54,NaN,NaN,NaN,32242.080283695694,NaN,NaN,32231.317499999997,86.60589060307319,-8.394109396926819,43.590923528100035,37.02459616040873,NaN,NaN,NaN
2022-09-12T20:20:00+09:00,32228.54,32232.91,32225.91,32226.41,NaN,NaN,NaN,32242.080283695694,NaN,NaN,32228.4425,59.10290237467548,-36.89709762532452,50.804805510457655,35.19051780750432,NaN,NaN,NaN
2022-09-12T20:21:00+09:00,32226.41,32236.91,32226.41,32234.41,NaN,NaN,NaN,32242.080283695694,NaN,NaN,32231.035,-9.038461538461538,37.96153846153846,42.16669001304803,35.424753382786754,NaN,NaN,NaN
2022-09-12T20:22:00+09:00,32234.41,32236.41,32233.91,32235.54,NaN,NaN,NaN,32242.080283695694,NaN,NaN,32235.067499999997,-10.068249258151493,28.931750741848507,31.982550949971493,33.8600616163728,NaN,NaN,NaN
2022-09-12T20:23:00+09:00,32235.54,32239.91,32235.54,32238.91,NaN,NaN,NaN,32242.080283695694,NaN,NaN,32237.475,-3.7243947858480064,16.275605214151994,22.371977143171485,29.07277457421411,NaN,NaN,NaN
2022-09-12T20:24:00+09:00,32238.91,32241.54,32238.41,32241.54,NaN,NaN,NaN,32242.080283695694,NaN,NaN,32240.1,-5.371900826444773,33.62809917355523,15.719314612289805,29.014783963509718,NaN,NaN,NaN
2022-09-12T20:25:00+09:00,32241.54,32247.91,32241.54,32243.41,32224.027577931512,32224.027577931512,32224.027577931512,NaN,NaN,NaN,32243.6,-22.769089236432674,32.23091076356732,15.818592635605103,29.80431801084802,NaN,NaN,NaN
2022-09-12T20:26:00+09:00,32243.41,32243.41,32241.54,32241.54,32224.027577931512,NaN,NaN,NaN,NaN,NaN,32242.475,9,0,14.138763982532652,22.55062201997059,NaN,NaN,NaN