time,open,high,low,close,quick,fast,middle,slow
2022-09-12T10:35:00+09:00,85.41,85.411,85.387,85.41,85.43799999999979,85.44774999999974,85.43608333333373,85.52672916666637
2022-09-12T10:36:00+09:00,85.407,85.421,85.391,85.405,85.42879999999978,85.45308333333308,85.43316666666705,85.51962499999969
2022-09-12T10:37:00+09:00,85.402,85.432,85.402,85.427,85.42199999999978,85.4549166666664,85.43295833333372,85.51327083333302
2022-09-12T10:38:00+09:00,85.43,85.435,85.35,85.35,85.39979999999977,85.44274999999975,85.42916666666706,85.50597916666635
2022-09-12T10:39:00+09:00,85.35,85.372,85.336,85.36,85.39039999999977,85.43233333333308,85.42666666666706,85.49833333333304
2022-09-12T10:40:00+09:00,85.37,85.395,85.361,85.371,85.38259999999977,85.42349999999975,85.42620833333372,85.49093749999969
2022-09-12T10:41:00+09:00,85.371,85.38,85.316,85.322,85.36599999999979,85.40808333333307,85.4250000000004,85.48179166666637
2022-09-12T10:42:00+09:00,85.325,85.332,85.17,85.217,85.32399999999977,85.38683333333307,85.41820833333372,85.46960416666637
2022-09-12T10:43:00+09:00,85.22,85.221,85.141,85.162,85.28639999999977,85.36274999999974,85.40695833333372,85.45983333333304
2022-09-12T10:44:00+09:00,85.162,85.24,85.157,85.225,85.25939999999977,85.34308333333308,85.39750000000039,85.45066666666638
2022-09-12T10:45:00+09:00,85.231,85.271,85.23,85.271,85.23939999999978,85.32724999999974,85.38879166666705,85.44189583333304
2022-09-12T10:46:00+09:00,85.267,85.267,85.235,85.242,85.22339999999977,85.31349999999973,85.38070833333374,85.43222916666637
2022-09-12T10:47:00+09:00,85.23,85.26,85.23,85.252,85.23039999999978,85.30033333333307,85.37404166666705,85.42372916666636
2022-09-12T10:48:00+09:00,85.251,85.296,85.24,85.277,85.25339999999979,85.2896666666664,85.3713750000004,85.41520833333304
2022-09-12T10:49:00+09:00,85.28,85.282,85.262,85.281,85.26459999999977,85.27749999999973,85.36620833333372,85.40741666666638
2022-09-12T10:50:00+09:00,85.29,85.337,85.29,85.332,85.27679999999978,85.27599999999974,85.3593750000004,85.40056249999971
2022-09-12T10:51:00+09:00,85.326,85.372,85.321,85.36,85.30039999999977,85.27599999999974,85.35416666666707,85.39541666666638
2022-09-12T10:52:00+09:00,85.355,85.376,85.341,85.342,85.31839999999977,85.27358333333306,85.34854166666707,85.39135416666637
2022-09-12T10:53:00+09:00,85.35,85.357,85.33,85.352,85.33339999999977,85.27608333333306,85.34208333333373,85.3881249999997
2022-09-12T10:54:00+09:00,85.35,85.381,85.33,85.357,85.34859999999978,85.28774999999973,85.33729166666707,85.3846874999997
2022-09-12T10:55:00+09:00,85.362,85.387,85.35,85.385,85.35919999999977,85.30633333333306,85.33454166666706,85.3838124999997
2022-09-12T10:56:00+09:00,85.38,85.381,85.331,85.336,85.35439999999977,85.31558333333307,85.32933333333374,85.38133333333303
2022-09-12T10:57:00+09:00,85.331,85.382,85.331,85.362,85.35839999999976,85.3231666666664,85.32520833333373,85.38008333333305
2022-09-12T10:58:00+09:00,85.367,85.372,85.331,85.336,85.35519999999977,85.33099999999973,85.32225000000041,85.37843749999969
2022-09-12T10:59:00+09:00,85.341,85.372,85.341,85.361,85.35599999999977,85.34008333333308,85.32020833333372,85.37814583333305
2022-09-12T11:00:00+09:00,85.377,85.387,85.31,85.317,85.34239999999977,85.34341666666641,85.31654166666708,85.37485416666637
2022-09-12T11:01:00+09:00,85.321,85.352,85.316,85.336,85.34239999999977,85.34799999999973,85.3127500000004,85.37285416666639
2022-09-12T11:02:00+09:00,85.341,85.362,85.341,85.36,85.34199999999979,85.35033333333307,85.31316666666707,85.37116666666638
2022-09-12T11:03:00+09:00,85.361,85.472,85.361,85.416,85.35799999999978,85.35499999999973,85.3155000000004,85.37108333333305
2022-09-12T11:04:00+09:00,85.422,85.422,85.392,85.402,85.36619999999978,85.35999999999973,85.31679166666707,85.37149999999973
2022-09-12T11:05:00+09:00,85.406,85.41,85.38,85.41,85.38479999999979,85.36483333333307,85.32045833333373,85.37272916666639
2022-09-12T11:06:00+09:00,85.417,85.437,85.381,85.412,85.39999999999978,85.3694166666664,85.32858333333373,85.37339583333305
2022-09-12T11:07:00+09:00,85.402,85.417,85.38,85.385,85.40499999999977,85.36941666666638,85.3378750000004,85.37241666666638
2022-09-12T11:08:00+09:00,85.39,85.436,85.37,85.37,85.39579999999978,85.37224999999972,85.34391666666706,85.37070833333304
2022-09-12T11:09:00+09:00,85.371,85.396,85.346,85.357,85.38679999999978,85.37183333333307,85.34750000000041,85.36814583333306
2022-09-12T11:10:00+09:00,85.362,85.417,85.335,85.41,85.38679999999978,85.37799999999972,85.35450000000041,85.36760416666637
2022-09-12T11:11:00+09:00,85.406,85.427,85.4,85.407,85.38579999999976,85.38183333333306,85.36095833333373,85.36749999999972
2022-09-12T11:12:00+09:00,85.402,85.431,85.397,85.425,85.39379999999977,85.39083333333308,85.3671250000004,85.36924999999972
2022-09-12T11:13:00+09:00,85.421,85.436,85.392,85.436,85.40699999999978,85.3991666666664,85.37358333333373,85.36989583333305
2022-09-12T11:14:00+09:00,85.435,85.436,85.341,85.361,85.40779999999977,85.39924999999972,85.37479166666706,85.36708333333304
2022-09-12T11:15:00+09:00,85.37,85.397,85.37,85.387,85.40319999999977,85.39683333333306,85.37591666666707,85.36504166666639
2022-09-12T11:16:00+09:00,85.39,85.402,85.37,85.375,85.39679999999977,85.39458333333306,85.37729166666708,85.36291666666638
2022-09-12T11:17:00+09:00,85.382,85.397,85.37,85.37,85.38579999999976,85.39124999999973,85.37804166666706,85.36006249999973
2022-09-12T11:18:00+09:00,85.376,85.432,85.376,85.422,85.38299999999977,85.39208333333306,85.38075000000039,85.35902083333305
2022-09-12T11:19:00+09:00,85.425,85.432,85.415,85.417,85.39419999999976,85.39474999999975,85.38208333333374,85.35831249999973
2022-09-12T11:20:00+09:00,85.415,85.432,85.415,85.425,85.40179999999977,85.39933333333308,85.38579166666706,85.35756249999973
2022-09-12T11:21:00+09:00,85.43,85.441,85.415,85.415,85.40979999999976,85.40416666666641,85.38800000000042,85.35660416666639
2022-09-12T11:22:00+09:00,85.422,85.52,85.422,85.51,85.43779999999977,85.41249999999974,85.39525000000042,85.35874999999972
2022-09-12T11:23:00+09:00,85.51,85.511,85.455,85.475,85.44839999999976,85.41816666666641,85.40000000000042,85.3601041666664
2022-09-12T11:24:00+09:00,85.48,85.495,85.461,85.476,85.46019999999976,85.42241666666642,85.40662500000042,85.36158333333306
2022-09-12T11:25:00+09:00,85.477,85.481,85.44,85.467,85.46859999999977,85.42499999999974,85.41208333333374,85.36241666666639
2022-09-12T11:26:00+09:00,85.476,85.492,85.475,85.485,85.48259999999976,85.43533333333308,85.41729166666708,85.3652291666664
2022-09-12T11:27:00+09:00,85.481,85.487,85.457,85.487,85.47799999999977,85.4436666666664,85.42025000000042,85.36787499999973
2022-09-12T11:28:00+09:00,85.492,85.502,85.481,85.492,85.48139999999977,85.4534166666664,85.42400000000042,85.37039583333306
2022-09-12T11:29:00+09:00,85.496,85.522,85.49,85.507,85.48759999999977,85.46483333333306,85.42804166666708,85.37424999999973
2022-09-12T11:30:00+09:00,85.501,85.522,85.471,85.471,85.48839999999977,85.46891666666642,85.43050000000041,85.3795416666664
2022-09-12T11:31:00+09:00,85.472,85.497,85.472,85.487,85.48879999999977,85.47474999999974,85.43475000000042,85.38631249999973
2022-09-12T11:32:00+09:00,85.492,85.496,85.47,85.487,85.48879999999977,85.4799166666664,85.43962500000042,85.39177083333307
2022-09-12T11:33:00+09:00,85.492,85.522,85.487,85.517,85.49379999999977,85.48841666666641,85.4462916666671,85.39689583333306
2022-09-12T11:34:00+09:00,85.521,85.542,85.51,85.542,85.50079999999977,85.49108333333307,85.45179166666709,85.40314583333306
2022-09-12T11:35:00+09:00,85.531,85.541,85.49,85.49,85.50459999999977,85.49233333333308,85.45525000000042,85.4081041666664
2022-09-12T11:36:00+09:00,85.502,85.502,85.47,85.487,85.50459999999977,85.49324999999975,85.45783333333377,85.4124791666664
2022-09-12T11:37:00+09:00,85.491,85.497,85.472,85.49,85.50519999999976,85.49516666666642,85.46008333333377,85.41683333333306
2022-09-12T11:38:00+09:00,85.496,85.496,85.427,85.427,85.48719999999977,85.49033333333308,85.46283333333376,85.41881249999973
2022-09-12T11:39:00+09:00,85.43,85.467,85.426,85.467,85.47219999999977,85.4886666666664,85.46616666666709,85.4210416666664
2022-09-12T11:40:00+09:00,85.46,85.495,85.46,85.47,85.46819999999977,85.48683333333308,85.47012500000041,85.42370833333307
2022-09-12T11:41:00+09:00,85.472,85.472,85.445,85.472,85.46519999999977,85.48391666666642,85.4743750000004,85.42620833333307
2022-09-12T11:42:00+09:00,85.452,85.46,85.405,85.446,85.45639999999976,85.48183333333309,85.47537500000043,85.42806249999973
2022-09-12T11:43:00+09:00,85.45,85.45,85.4,85.421,85.45519999999976,85.47633333333307,85.47554166666708,85.42881249999972
2022-09-12T11:44:00+09:00,85.43,85.472,85.405,85.456,85.45299999999978,85.47374999999975,85.47683333333374,85.43131249999972
2022-09-12T11:45:00+09:00,85.461,85.467,85.435,85.435,85.44599999999977,85.46691666666642,85.47766666666708,85.43283333333306
2022-09-12T11:46:00+09:00,85.447,85.482,85.447,85.48,85.44759999999977,85.46174999999975,85.47641666666709,85.43583333333305
2022-09-12T11:47:00+09:00,85.487,85.487,85.415,85.421,85.44259999999977,85.45599999999975,85.47416666666709,85.43708333333306
2022-09-12T11:48:00+09:00,85.422,85.442,85.406,85.437,85.44579999999976,85.45183333333308,85.47254166666708,85.43958333333306
2022-09-12T11:49:00+09:00,85.44,85.44,85.415,85.425,85.43959999999977,85.44641666666642,85.47079166666708,85.44143749999972
2022-09-12T11:50:00+09:00,85.421,85.442,85.41,85.426,85.43779999999977,85.44633333333309,85.46833333333375,85.44281249999973
2022-09-12T11:51:00+09:00,85.42,85.482,85.42,85.471,85.43599999999978,85.44666666666643,85.46766666666707,85.44395833333307
2022-09-12T11:52:00+09:00,85.471,85.471,85.441,85.47,85.44579999999976,85.44666666666642,85.4667500000004,85.44537499999974
2022-09-12T11:53:00+09:00,85.472,85.472,85.441,85.45,85.44839999999976,85.44483333333308,85.46437500000042,85.44620833333308
2022-09-12T11:54:00+09:00,85.45,85.472,85.45,85.457,85.45479999999976,85.44574999999975,85.46379166666708,85.44714583333308
2022-09-12T11:55:00+09:00,85.46,85.501,85.455,85.477,85.46499999999976,85.45041666666641,85.46337500000043,85.44906249999974
2022-09-12T11:56:00+09:00,85.477,85.48,85.47,85.477,85.46619999999976,85.45216666666643,85.46295833333375,85.4512916666664
2022-09-12T11:57:00+09:00,85.476,85.477,85.445,85.445,85.46119999999976,85.45299999999976,85.45995833333376,85.45312499999973
2022-09-12T11:58:00+09:00,85.445,85.461,85.445,85.461,85.46339999999978,85.45141666666643,85.45658333333375,85.45418749999975
2022-09-12T11:59:00+09:00,85.452,85.536,85.432,85.531,85.47819999999976,85.46058333333309,85.45829166666708,85.45677083333307
2022-09-12T12:00:00+09:00,85.53,85.53,85.467,85.475,85.47779999999977,85.46374999999976,85.45779166666709,85.45781249999975
2022-09-12T12:01:00+09:00,85.482,85.482,85.43,85.435,85.46939999999977,85.4645833333331,85.45550000000041,85.45779166666641
2022-09-12T12:02:00+09:00,85.431,85.46,85.411,85.415,85.46339999999978,85.46366666666643,85.45500000000042,85.45891666666641
2022-09-12T12:03:00+09:00,85.411,85.411,85.36,85.381,85.44739999999976,85.45616666666643,85.4514166666671,85.4587916666664
2022-09-12T12:04:00+09:00,85.386,85.397,85.35,85.357,85.41259999999977,85.44674999999977,85.44670833333375,85.4584166666664
2022-09-12T12:05:00+09:00,85.36,85.385,85.345,85.366,85.39079999999977,85.43974999999978,85.44229166666709,85.45833333333307
2022-09-12T12:06:00+09:00,85.36,85.367,85.271,85.347,85.37319999999977,85.4305833333331,85.43816666666709,85.45677083333307
2022-09-12T12:07:00+09:00,85.351,85.352,85.276,85.302,85.35059999999977,85.41599999999977,85.43320833333375,85.45437499999973
2022-09-12T12:08:00+09:00,85.312,85.312,85.29,85.295,85.33339999999978,85.4008333333331,85.42650000000042,85.45166666666641
2022-09-12T12:09:00+09:00,85.302,85.322,85.302,85.31,85.32399999999977,85.3895833333331,85.4212916666671,85.44947916666639
2022-09-12T12:10:00+09:00,85.31,85.382,85.31,85.382,85.32719999999978,85.38299999999977,85.41720833333375,85.44681249999974
2022-09-12T12:11:00+09:00,85.371,85.371,85.32,85.332,85.32419999999976,85.36641666666644,85.41350000000041,85.44383333333307
2022-09-12T12:12:00+09:00,85.331,85.382,85.331,85.377,85.33919999999978,85.35824999999977,85.41100000000041,85.44177083333307
2022-09-12T12:13:00+09:00,85.382,85.382,85.356,85.356,85.35139999999978,85.35166666666645,85.40812500000042,85.43945833333306
2022-09-12T12:14:00+09:00,85.36,85.362,85.352,85.36,85.36139999999978,85.3470833333331,85.4053750000004,85.43685416666641
2022-09-12T12:15:00+09:00,85.357,85.402,85.355,85.402,85.36539999999978,85.3488333333331,85.40250000000042,85.43508333333307
2022-09-12T12:16:00+09:00,85.402,85.405,85.38,85.4,85.37899999999978,85.35241666666644,85.39958333333375,85.43316666666641
2022-09-12T12:17:00+09:00,85.397,85.44,85.397,85.422,85.38799999999978,85.35708333333311,85.39841666666707,85.43139583333307
2022-09-12T12:18:00+09:00,85.421,85.451,85.421,85.445,85.40579999999979,85.36524999999978,85.39791666666707,85.43085416666639
2022-09-12T12:19:00+09:00,85.451,85.452,85.435,85.435,85.42079999999979,85.37633333333311,85.39616666666707,85.42977083333307
2022-09-12T12:20:00+09:00,85.421,85.447,85.421,85.435,85.42739999999978,85.38799999999976,85.39441666666708,85.42868749999974
2022-09-12T12:21:00+09:00,85.432,85.437,85.426,85.43,85.43339999999978,85.39799999999978,85.39379166666708,85.42687499999975
2022-09-12T12:22:00+09:00,85.436,85.452,85.422,85.426,85.43419999999978,85.40166666666646,85.39233333333375,85.42445833333308
2022-09-12T12:23:00+09:00,85.422,85.442,85.422,85.44,85.43319999999979,85.41066666666644,85.3885416666671,85.42341666666641
2022-09-12T12:24:00+09:00,85.436,85.436,85.41,85.425,85.43119999999979,85.41466666666645,85.38645833333375,85.42212499999975
2022-09-12T12:25:00+09:00,85.426,85.447,85.392,85.406,85.42539999999978,85.41883333333313,85.38525000000043,85.42037499999975
2022-09-12T12:26:00+09:00,85.41,85.41,85.365,85.39,85.41739999999979,85.42133333333312,85.38420833333377,85.41960416666643
2022-09-12T12:27:00+09:00,85.395,85.417,85.395,85.395,85.41119999999978,85.42074999999979,85.38479166666711,85.41810416666642
2022-09-12T12:28:00+09:00,85.4,85.421,85.4,85.407,85.40459999999977,85.42133333333312,85.38687500000043,85.41679166666643
2022-09-12T12:29:00+09:00,85.412,85.442,85.412,85.436,85.40679999999978,85.42249999999979,85.38979166666711,85.41604166666643
2022-09-12T12:30:00+09:00,85.432,85.442,85.381,85.386,85.40279999999979,85.41758333333313,85.3914166666671,85.41479166666642
2022-09-12T12:31:00+09:00,85.391,85.395,85.38,85.395,85.40379999999979,85.4142499999998,85.3952916666671,85.41424999999975
2022-09-12T12:32:00+09:00,85.392,85.402,85.37,85.4,85.4047999999998,85.41133333333313,85.3996666666671,85.41308333333309
2022-09-12T12:33:00+09:00,85.406,85.411,85.395,85.411,85.4055999999998,85.40974999999979,85.40387500000044,85.41258333333309
2022-09-12T12:34:00+09:00,85.406,85.406,85.37,85.381,85.39459999999978,85.40599999999979,85.40383333333376,85.41052083333311
2022-09-12T12:35:00+09:00,85.372,85.397,85.37,85.392,85.39579999999978,85.4019999999998,85.40633333333376,85.40991666666643
2022-09-12T12:36:00+09:00,85.392,85.397,85.37,85.386,85.39399999999979,85.3987499999998,85.40670833333377,85.40885416666642
2022-09-12T12:37:00+09:00,85.391,85.392,85.36,85.365,85.38699999999979,85.39533333333311,85.40708333333379,85.40760416666643
2022-09-12T12:38:00+09:00,85.365,85.386,85.36,85.386,85.38199999999978,85.3949999999998,85.40816666666711,85.40677083333308
2022-09-12T12:39:00+09:00,85.385,85.391,85.34,85.35,85.37579999999977,85.39124999999979,85.40600000000045,85.40424999999976
2022-09-12T12:40:00+09:00,85.345,85.347,85.34,85.345,85.36639999999979,85.38608333333313,85.40370833333378,85.40164583333309
2022-09-12T12:41:00+09:00,85.352,85.352,85.34,85.345,85.35819999999978,85.37849999999979,85.40050000000043,85.39945833333309
2022-09-12T12:42:00+09:00,85.34,85.347,85.281,85.281,85.34139999999978,85.36974999999978,85.3936666666671,85.39579166666643
2022-09-12T12:43:00+09:00,85.287,85.331,85.28,85.31,85.32619999999979,85.36266666666644,85.38845833333376,85.39231249999976
2022-09-12T12:44:00+09:00,85.31,85.322,85.31,85.315,85.3191999999998,85.35558333333313,85.38345833333376,85.38893749999977
2022-09-12T12:45:00+09:00,85.32,85.355,85.315,85.355,85.32119999999979,85.35091666666646,85.38033333333375,85.38706249999977
2022-09-12T12:46:00+09:00,85.35,85.372,85.35,85.361,85.32439999999978,85.3492499999998,85.37762500000042,85.38497916666644
2022-09-12T12:47:00+09:00,85.361,85.377,85.336,85.35,85.33819999999979,85.3457499999998,85.37387500000044,85.3812083333331
2022-09-12T12:48:00+09:00,85.345,85.442,85.345,85.44,85.36419999999978,85.35024999999979,85.37450000000042,85.38047916666643
2022-09-12T12:49:00+09:00,85.435,85.451,85.41,85.421,85.38539999999979,85.35491666666645,85.37512500000044,85.38018749999976
2022-09-12T12:50:00+09:00,85.425,85.432,85.412,85.412,85.39679999999979,85.35708333333311,85.3760416666671,85.38012499999978
2022-09-12T12:51:00+09:00,85.411,85.422,85.401,85.401,85.40479999999978,85.36133333333312,85.3762916666671,85.38054166666643
2022-09-12T12:52:00+09:00,85.397,85.42,85.396,85.402,85.41519999999977,85.36608333333312,85.37608333333377,85.38147916666644
2022-09-12T12:53:00+09:00,85.406,85.437,85.405,85.437,85.41459999999978,85.37374999999979,85.37612500000044,85.3829583333331
2022-09-12T12:54:00+09:00,85.43,85.461,85.43,85.451,85.42059999999978,85.38791666666646,85.37883333333376,85.38512499999977
2022-09-12T12:55:00+09:00,85.451,85.451,85.436,85.45,85.42819999999979,85.39958333333311,85.38112500000044,85.38820833333311
2022-09-12T12:56:00+09:00,85.44,85.451,85.43,85.446,85.43719999999978,85.41049999999979,85.3830416666671,85.39135416666643
2022-09-12T12:57:00+09:00,85.446,85.45,85.435,85.435,85.44379999999978,85.41716666666645,85.38404166666709,85.3939583333331
2022-09-12T12:58:00+09:00,85.447,85.45,85.446,85.45,85.44639999999978,85.4245833333331,85.38691666666709,85.39537499999977
2022-09-12T12:59:00+09:00,85.445,85.467,85.441,85.462,85.44859999999979,85.43391666666645,85.38983333333375,85.3980833333331
2022-09-12T13:00:00+09:00,85.466,85.466,85.41,85.415,85.44159999999978,85.4318333333331,85.39104166666709,85.39887499999976
2022-09-12T13:01:00+09:00,85.412,85.412,85.381,85.385,85.42939999999979,85.4288333333331,85.39187500000043,85.39947916666644
2022-09-12T13:02:00+09:00,85.38,85.38,85.352,85.357,85.41379999999978,85.42424999999976,85.39066666666709,85.39941666666643
2022-09-12T13:03:00+09:00,85.351,85.372,85.351,85.372,85.39819999999978,85.4218333333331,85.39158333333377,85.39879166666644
2022-09-12T13:04:00+09:00,85.36,85.386,85.35,85.382,85.38219999999977,85.42016666666643,85.39312500000044,85.39841666666644
2022-09-12T13:05:00+09:00,85.375,85.39,85.375,85.375,85.37419999999977,85.41499999999978,85.39437500000042,85.39743749999975
2022-09-12T13:06:00+09:00,85.38,85.402,85.377,85.402,85.37759999999977,85.41091666666644,85.3994166666671,85.39654166666644
2022-09-12T13:07:00+09:00,85.396,85.435,85.38,85.43,85.39219999999978,85.40924999999976,85.4044166666671,85.39643749999976
2022-09-12T13:08:00+09:00,85.42,85.432,85.411,85.427,85.40319999999977,85.40766666666644,85.40908333333375,85.3962708333331
2022-09-12T13:09:00+09:00,85.42,85.42,85.395,85.395,85.40579999999977,85.4043333333331,85.41075000000045,85.39554166666642
2022-09-12T13:10:00+09:00,85.396,85.401,85.39,85.39,85.40879999999977,85.3993333333331,85.41195833333377,85.39479166666642
2022-09-12T13:11:00+09:00,85.392,85.392,85.38,85.386,85.40559999999977,85.39299999999976,85.41345833333378,85.39366666666643
2022-09-12T13:12:00+09:00,85.387,85.407,85.382,85.395,85.39859999999976,85.39133333333308,85.41158333333378,85.39304166666642
2022-09-12T13:13:00+09:00,85.396,85.407,85.395,85.402,85.39359999999976,85.39274999999975,85.4107916666671,85.39295833333308
2022-09-12T13:14:00+09:00,85.401,85.401,85.39,85.392,85.39299999999977,85.3956666666664,85.40995833333376,85.39299999999976
2022-09-12T13:15:00+09:00,85.387,85.387,85.342,85.345,85.38399999999976,85.3934166666664,85.40762500000044,85.3919583333331
2022-09-12T13:16:00+09:00,85.35,85.362,85.346,85.351,85.37699999999977,85.39083333333308,85.40550000000043,85.39079166666643
2022-09-12T13:17:00+09:00,85.351,85.357,85.35,85.355,85.36899999999977,85.38916666666641,85.40208333333378,85.38910416666643
2022-09-12T13:18:00+09:00,85.361,85.4,85.355,85.4,85.36859999999976,85.38899999999974,85.39995833333377,85.3893958333331
2022-09-12T13:19:00+09:00,85.405,85.41,85.401,85.407,85.37159999999976,85.38708333333308,85.39816666666711,85.38964583333309
2022-09-12T13:20:00+09:00,85.4,85.407,85.397,85.401,85.38279999999976,85.38491666666641,85.3962916666671,85.38966666666643
2022-09-12T13:21:00+09:00,85.4,85.4,85.361,85.37,85.38659999999977,85.38283333333307,85.39358333333377,85.38881249999976
2022-09-12T13:22:00+09:00,85.375,85.401,85.372,85.395,85.39459999999977,85.38324999999975,85.3912916666671,85.38910416666643
2022-09-12T13:23:00+09:00,85.397,85.422,85.395,85.422,85.39899999999976,85.38624999999973,85.38962500000044,85.38972916666643
2022-09-12T13:24:00+09:00,85.426,85.452,85.426,85.441,85.40579999999974,85.39008333333307,85.39070833333379,85.39087499999977
2022-09-12T13:25:00+09:00,85.44,85.516,85.431,85.482,85.42199999999976,85.39674999999973,85.39475000000044,85.39331249999977
2022-09-12T13:26:00+09:00,85.477,85.482,85.307,85.32,85.41199999999976,85.39074999999974,85.39320833333379,85.39193749999977
2022-09-12T13:27:00+09:00,85.325,85.332,85.261,85.271,85.38719999999975,85.38458333333307,85.38900000000045,85.39029166666643
2022-09-12T13:28:00+09:00,85.266,85.33,85.266,85.305,85.36379999999977,85.38074999999974,85.3857916666671,85.3894583333331
2022-09-12T13:29:00+09:00,85.31,85.31,85.28,85.292,85.33399999999976,85.37549999999972,85.38233333333376,85.38835416666643
2022-09-12T13:30:00+09:00,85.281,85.302,85.275,85.285,85.29459999999976,85.3659166666664,85.37745833333378,85.38843749999977
2022-09-12T13:31:00+09:00,85.292,85.382,85.285,85.377,85.30599999999976,85.3634166666664,85.37525000000043,85.3898333333331
2022-09-12T13:32:00+09:00,85.371,85.397,85.371,85.392,85.33019999999976,85.36266666666639,85.3737916666671,85.39143749999977
2022-09-12T13:33:00+09:00,85.38,85.407,85.375,85.391,85.34739999999975,85.36441666666639,85.37362500000044,85.39218749999976
2022-09-12T13:34:00+09:00,85.386,85.397,85.372,85.375,85.36399999999976,85.36274999999972,85.37300000000043,85.39247916666642
2022-09-12T13:35:00+09:00,85.382,85.392,85.375,85.386,85.38419999999977,85.35974999999972,85.37300000000043,85.39322916666642
2022-09-12T13:36:00+09:00,85.381,85.397,85.38,85.382,85.38519999999976,85.35483333333305,85.37245833333377,85.39202083333309
2022-09-12T13:37:00+09:00,85.382,85.391,85.38,85.38,85.38279999999976,85.34633333333306,85.3715416666671,85.39116666666642
2022-09-12T13:38:00+09:00,85.386,85.412,85.38,85.406,85.38579999999976,85.35349999999973,85.37212500000044,85.39104166666642
2022-09-12T13:39:00+09:00,85.401,85.41,85.401,85.406,85.39199999999975,85.36474999999973,85.3746666666671,85.3911458333331
2022-09-12T13:40:00+09:00,85.406,85.407,85.376,85.381,85.39099999999976,85.37108333333306,85.3759166666671,85.39070833333308
2022-09-12T13:41:00+09:00,85.381,85.402,85.37,85.375,85.38959999999976,85.37799999999974,85.37675000000043,85.38941666666642
2022-09-12T13:42:00+09:00,85.372,85.382,85.37,85.37,85.38759999999976,85.38508333333307,85.37550000000043,85.38772916666642
2022-09-12T13:43:00+09:00,85.377,85.391,85.37,85.385,85.38339999999977,85.38574999999975,85.37458333333376,85.38637499999976
2022-09-12T13:44:00+09:00,85.382,85.396,85.377,85.382,85.37859999999976,85.3849166666664,85.37379166666709,85.38504166666642
2022-09-12T13:45:00+09:00,85.39,85.39,85.38,85.386,85.37959999999977,85.38449999999973,85.37445833333375,85.38402083333308
2022-09-12T13:46:00+09:00,85.381,85.392,85.375,85.385,85.38159999999976,85.38533333333307,85.37404166666708,85.38266666666642
2022-09-12T13:47:00+09:00,85.377,85.387,85.37,85.38,85.38359999999976,85.38483333333308,85.37229166666708,85.38095833333308
2022-09-12T13:48:00+09:00,85.387,85.391,85.38,85.39,85.38459999999975,85.38549999999975,85.37016666666709,85.38043749999976
2022-09-12T13:49:00+09:00,85.386,85.39,85.386,85.39,85.38619999999976,85.38633333333307,85.36633333333377,85.38054166666643
2022-09-12T13:50:00+09:00,85.392,85.392,85.38,85.382,85.38539999999975,85.38433333333307,85.36891666666709,85.38106249999976
2022-09-12T13:51:00+09:00,85.385,85.392,85.381,85.392,85.38679999999975,85.3831666666664,85.37395833333376,85.38147916666644
2022-09-12T13:52:00+09:00,85.39,85.391,85.38,85.385,85.38779999999976,85.38349999999974,85.37729166666709,85.38154166666642
2022-09-12T13:53:00+09:00,85.382,85.386,85.355,85.365,85.38279999999976,85.38266666666641,85.38033333333375,85.3813333333331
2022-09-12T13:54:00+09:00,85.365,85.372,85.35,85.36,85.37679999999976,85.38183333333306,85.38345833333375,85.3804583333331
2022-09-12T13:55:00+09:00,85.357,85.357,85.34,85.34,85.36839999999977,85.37808333333307,85.3819166666671,85.37858333333311
2022-09-12T13:56:00+09:00,85.345,85.362,85.32,85.35,85.35999999999976,85.3754166666664,85.38016666666708,85.37697916666644
2022-09-12T13:57:00+09:00,85.355,85.367,85.32,85.332,85.34939999999976,85.3709166666664,85.37770833333376,85.37566666666645
2022-09-12T13:58:00+09:00,85.34,85.352,85.315,85.346,85.34559999999976,85.36766666666641,85.37650000000042,85.37474999999978
2022-09-12T13:59:00+09:00,85.351,85.375,85.34,85.346,85.34279999999976,85.36483333333307,85.37483333333375,85.37391666666645
2022-09-12T14:00:00+09:00,85.352,85.386,85.306,85.355,85.34579999999977,85.36191666666639,85.37370833333375,85.37308333333311
2022-09-12T14:01:00+09:00,85.362,85.397,85.325,85.347,85.34519999999978,85.35833333333306,85.37233333333374,85.37193749999977
2022-09-12T14:02:00+09:00,85.341,85.371,85.34,85.371,85.35299999999977,85.3574166666664,85.37087500000041,85.37149999999978
2022-09-12T14:03:00+09:00,85.371,85.39,85.366,85.39,85.36179999999976,85.35724999999974,85.37020833333374,85.37243749999978
2022-09-12T14:04:00+09:00,85.396,85.396,85.365,85.365,85.36559999999976,85.35558333333306,85.36954166666708,85.37272916666643
2022-09-12T14:05:00+09:00,85.361,85.367,85.34,85.355,85.36559999999976,85.35474999999973,85.36870833333374,85.37272916666643
2022-09-12T14:06:00+09:00,85.356,85.361,85.321,85.321,85.36039999999977,85.35149999999972,85.36666666666709,85.3710833333331
2022-09-12T14:07:00+09:00,85.322,85.381,85.322,85.365,85.35919999999977,85.35358333333306,85.36583333333375,85.3702083333331
2022-09-12T14:08:00+09:00,85.361,85.362,85.33,85.345,85.35019999999977,85.35316666666641,85.36429166666709,85.36904166666643
2022-09-12T14:09:00+09:00,85.345,85.362,85.345,85.347,85.34659999999977,85.3544166666664,85.3626666666671,85.36856249999977
2022-09-12T14:10:00+09:00,85.341,85.362,85.327,85.34,85.34359999999978,85.3539166666664,85.36079166666708,85.36741666666643
2022-09-12T14:11:00+09:00,85.337,85.375,85.325,85.351,85.34959999999978,85.35433333333306,85.35958333333376,85.36593749999976
2022-09-12T14:12:00+09:00,85.347,85.347,85.325,85.332,85.34299999999979,85.35241666666639,85.35716666666707,85.36366666666642
2022-09-12T14:13:00+09:00,85.336,85.337,85.31,85.31,85.33599999999979,85.34933333333306,85.35383333333374,85.3600833333331
2022-09-12T14:14:00+09:00,85.3,85.3,85.27,85.29,85.32459999999979,85.34258333333305,85.3500000000004,85.35945833333311
2022-09-12T14:15:00+09:00,85.287,85.327,85.267,85.322,85.3209999999998,85.3369166666664,85.34708333333373,85.3605208333331
2022-09-12T14:16:00+09:00,85.317,85.317,85.277,85.286,85.3079999999998,85.33033333333306,85.34295833333374,85.36012499999977
2022-09-12T14:17:00+09:00,85.28,85.281,85.266,85.28,85.29759999999979,85.32408333333306,85.33941666666708,85.35987499999976
2022-09-12T14:18:00+09:00,85.287,85.302,85.287,85.297,85.2949999999998,85.32208333333307,85.33679166666707,85.36012499999977
2022-09-12T14:19:00+09:00,85.302,85.322,85.291,85.292,85.29539999999979,85.31599999999973,85.33479166666707,85.35835416666644
2022-09-12T14:20:00+09:00,85.285,85.32,85.275,85.32,85.2949999999998,85.3139166666664,85.33354166666707,85.35685416666644
2022-09-12T14:21:00+09:00,85.332,85.352,85.3,85.32,85.3017999999998,85.3116666666664,85.33304166666709,85.35537499999975
2022-09-12T14:22:00+09:00,85.32,85.32,85.302,85.311,85.3079999999998,85.30924999999975,85.33158333333374,85.35404166666643
2022-09-12T14:23:00+09:00,85.312,85.312,85.282,85.282,85.3049999999998,85.30349999999974,85.32891666666707,85.35187499999977
2022-09-12T14:24:00+09:00,85.282,85.292,85.27,85.285,85.30359999999979,85.29958333333308,85.3260000000004,85.34985416666643
2022-09-12T14:25:00+09:00,85.291,85.332,85.291,85.332,85.30599999999978,85.30141666666641,85.3253750000004,85.34885416666644
2022-09-12T14:26:00+09:00,85.326,85.327,85.31,85.32,85.3059999999998,85.30391666666641,85.32325000000041,85.34706249999977
2022-09-12T14:27:00+09:00,85.317,85.375,85.317,85.36,85.3157999999998,85.30708333333307,85.3220000000004,85.34610416666642
2022-09-12T14:28:00+09:00,85.36,85.432,85.36,85.417,85.34279999999981,85.31799999999974,85.32416666666707,85.34685416666643
2022-09-12T14:29:00+09:00,85.42,85.43,85.405,85.43,85.37179999999981,85.33049999999973,85.32729166666708,85.34799999999977
2022-09-12T14:30:00+09:00,85.422,85.422,85.4,85.407,85.3867999999998,85.3396666666664,85.3308750000004,85.34877083333309
2022-09-12T14:31:00+09:00,85.402,85.411,85.34,85.346,85.3919999999998,85.34416666666641,85.33008333333375,85.3479583333331
2022-09-12T14:32:00+09:00,85.351,85.362,85.32,85.357,85.3913999999998,85.34724999999975,85.33058333333373,85.34743749999974
2022-09-12T14:33:00+09:00,85.355,85.37,85.325,85.327,85.3733999999998,85.34783333333309,85.3297500000004,85.3462083333331
2022-09-12T14:34:00+09:00,85.327,85.342,85.301,85.337,85.3547999999998,85.34999999999975,85.3296250000004,85.3452083333331
2022-09-12T14:35:00+09:00,85.335,85.342,85.33,85.335,85.34039999999979,85.35441666666641,85.32895833333374,85.3442708333331
2022-09-12T14:36:00+09:00,85.337,85.337,85.311,85.326,85.3363999999998,85.35783333333309,85.32870833333374,85.34293749999976
2022-09-12T14:37:00+09:00,85.332,85.346,85.325,85.325,85.32999999999979,85.35724999999975,85.32933333333374,85.3415833333331
2022-09-12T14:38:00+09:00,85.321,85.321,85.241,85.277,85.3199999999998,85.35366666666643,85.32879166666707,85.33939583333309
2022-09-12T14:39:00+09:00,85.282,85.322,85.282,85.322,85.3169999999998,85.35049999999977,85.32879166666707,85.33793749999977
2022-09-12T14:40:00+09:00,85.31,85.332,85.31,85.326,85.31519999999979,85.34291666666643,85.33045833333374,85.33670833333309
2022-09-12T14:41:00+09:00,85.331,85.345,85.315,85.336,85.31719999999979,85.3350833333331,85.33279166666706,85.33610416666643
2022-09-12T14:42:00+09:00,85.332,85.342,85.325,85.342,85.32059999999979,85.32966666666643,85.33466666666708,85.33572916666641
2022-09-12T14:43:00+09:00,85.335,85.362,85.335,85.356,85.33639999999978,85.33049999999976,85.33733333333373,85.33606249999976
2022-09-12T14:44:00+09:00,85.361,85.381,85.35,85.35,85.34199999999979,85.32991666666642,85.33858333333374,85.33606249999976
2022-09-12T14:45:00+09:00,85.351,85.361,85.32,85.332,85.34319999999978,85.3303333333331,85.33908333333373,85.33606249999976
2022-09-12T14:46:00+09:00,85.33,85.332,85.311,85.32,85.33999999999978,85.32891666666643,85.33945833333372,85.33552083333309
2022-09-12T14:47:00+09:00,85.322,85.36,85.32,85.321,85.3357999999998,85.32774999999975,85.34108333333374,85.33499999999977
2022-09-12T14:48:00+09:00,85.312,85.341,85.312,85.337,85.3319999999998,85.32866666666642,85.3432500000004,85.33462499999978
2022-09-12T14:49:00+09:00,85.34,85.367,85.34,85.36,85.3339999999998,85.33158333333309,85.34441666666707,85.3348958333331
2022-09-12T14:50:00+09:00,85.356,85.421,85.345,85.387,85.3449999999998,85.34074999999974,85.34720833333374,85.33522916666645
2022-09-12T14:51:00+09:00,85.392,85.392,85.371,85.371,85.35519999999978,85.34483333333309,85.34766666666707,85.33483333333311
2022-09-12T14:52:00+09:00,85.377,85.402,85.377,85.395,85.36999999999979,85.35058333333309,85.3467500000004,85.33545833333311
2022-09-12T14:53:00+09:00,85.392,85.432,85.392,85.41,85.38459999999978,85.35674999999975,85.34591666666705,85.33660416666645
2022-09-12T14:54:00+09:00,85.411,85.43,85.405,85.411,85.39479999999978,85.36249999999974,85.34608333333374,85.33847916666645
2022-09-12T14:55:00+09:00,85.417,85.562,85.405,85.562,85.42979999999979,85.37966666666642,85.35508333333372,85.34258333333311
2022-09-12T14:56:00+09:00,85.566,85.632,85.55,85.571,85.46979999999978,85.39808333333309,85.36400000000039,85.34729166666644
2022-09-12T14:57:00+09:00,85.571,85.585,85.56,85.58,85.50679999999979,85.41874999999976,85.37454166666707,85.35214583333311
2022-09-12T14:58:00+09:00,85.576,85.687,85.575,85.665,85.55779999999979,85.44749999999976,85.38820833333374,85.35891666666645
2022-09-12T14:59:00+09:00,85.66,85.667,85.607,85.61,85.5975999999998,85.4715833333331,85.39966666666704,85.36431249999977
2022-09-12T15:00:00+09:00,85.617,85.677,85.596,85.63,85.6111999999998,85.49599999999975,85.41233333333372,85.3705208333331
2022-09-12T15:01:00+09:00,85.632,85.741,85.625,85.655,85.62799999999979,85.5205833333331,85.42608333333372,85.3777083333331
2022-09-12T15:02:00+09:00,85.662,85.712,85.635,85.691,85.65019999999978,85.54591666666641,85.44333333333373,85.38606249999977
2022-09-12T15:03:00+09:00,85.685,85.706,85.67,85.706,85.6583999999998,85.5738333333331,85.45933333333373,85.39406249999978
2022-09-12T15:04:00+09:00,85.701,85.705,85.651,85.661,85.6685999999998,85.59599999999976,85.47329166666704,85.40187499999978
2022-09-12T15:05:00+09:00,85.655,85.681,85.65,85.68,85.6785999999998,85.61849999999976,85.48762500000038,85.4102083333331
2022-09-12T15:06:00+09:00,85.676,85.682,85.646,85.677,85.6829999999998,85.64066666666643,85.50158333333371,85.41812499999976
2022-09-12T15:07:00+09:00,85.68,85.707,85.645,85.682,85.68119999999979,85.65066666666642,85.51516666666704,85.42624999999977
2022-09-12T15:08:00+09:00,85.692,85.766,85.69,85.742,85.6883999999998,85.66491666666643,85.53150000000039,85.43504166666644
2022-09-12T15:09:00+09:00,85.735,85.752,85.732,85.745,85.7051999999998,85.67866666666644,85.54870833333372,85.4438958333331
2022-09-12T15:10:00+09:00,85.75,85.76,85.71,85.752,85.71959999999982,85.68591666666644,85.56670833333374,85.4530833333331
2022-09-12T15:11:00+09:00,85.752,85.752,85.675,85.721,85.72839999999981,85.69516666666642,85.5833750000004,85.46222916666643
2022-09-12T15:12:00+09:00,85.721,85.731,85.69,85.726,85.73719999999982,85.70316666666645,85.59958333333373,85.47141666666643
2022-09-12T15:13:00+09:00,85.727,85.731,85.681,85.681,85.72499999999982,85.7053333333331,85.61295833333372,85.47868749999977
2022-09-12T15:14:00+09:00,85.691,85.73,85.67,85.725,85.7209999999998,85.70816666666644,85.62704166666707,85.48712499999976
2022-09-12T15:15:00+09:00,85.725,85.832,85.721,85.802,85.73099999999981,85.71616666666644,85.6450000000004,85.4963333333331
2022-09-12T15:16:00+09:00,85.796,85.801,85.727,85.736,85.73399999999981,85.72241666666645,85.65920833333372,85.50297916666642
2022-09-12T15:17:00+09:00,85.732,85.777,85.711,85.761,85.74099999999981,85.72916666666644,85.67383333333373,85.50987499999975
2022-09-12T15:18:00+09:00,85.766,85.842,85.766,85.831,85.77099999999982,85.74199999999978,85.69133333333373,85.5187083333331
2022-09-12T15:19:00+09:00,85.831,85.871,85.806,85.815,85.78899999999982,85.75308333333311,85.70187500000038,85.52847916666643
2022-09-12T15:20:00+09:00,85.812,85.821,85.701,85.701,85.7687999999998,85.74966666666643,85.70729166666706,85.53564583333309
2022-09-12T15:21:00+09:00,85.697,85.71,85.675,85.702,85.7619999999998,85.7460833333331,85.7123750000004,85.54345833333309
2022-09-12T15:22:00+09:00,85.706,85.747,85.705,85.747,85.75919999999981,85.74566666666642,85.71579166666707,85.55199999999975
2022-09-12T15:23:00+09:00,85.75,85.782,85.736,85.772,85.74739999999981,85.74991666666642,85.72254166666706,85.56110416666642
2022-09-12T15:24:00+09:00,85.767,85.79,85.73,85.75,85.73439999999981,85.75191666666643,85.72754166666705,85.56993749999977
2022-09-12T15:25:00+09:00,85.741,85.757,85.722,85.732,85.74059999999982,85.75616666666643,85.7307500000004,85.57841666666643
2022-09-12T15:26:00+09:00,85.727,85.732,85.7,85.722,85.7445999999998,85.75591666666644,85.73204166666704,85.58768749999977
2022-09-12T15:27:00+09:00,85.721,85.74,85.69,85.696,85.73439999999981,85.7470833333331,85.73162500000039,85.59547916666644
2022-09-12T15:28:00+09:00,85.69,85.702,85.656,85.692,85.71839999999982,85.74341666666642,85.73291666666705,85.60310416666643
2022-09-12T15:29:00+09:00,85.685,85.702,85.605,85.656,85.69959999999982,85.73466666666643,85.73191666666706,85.60977083333309
2022-09-12T15:30:00+09:00,85.65,85.696,85.631,85.691,85.69139999999982,85.72299999999977,85.73250000000037,85.61704166666642
2022-09-12T15:31:00+09:00,85.686,85.855,85.682,85.82,85.71099999999981,85.72341666666642,85.73825000000039,85.6267083333331
2022-09-12T15:32:00+09:00,85.817,85.902,85.791,85.882,85.74819999999983,85.73849999999976,85.74408333333372,85.63779166666643
2022-09-12T15:33:00+09:00,85.872,85.935,85.84,85.92,85.79379999999983,85.75666666666643,85.75137500000038,85.65004166666644
2022-09-12T15:34:00+09:00,85.917,85.917,85.877,85.905,85.84359999999984,85.7698333333331,85.75775000000039,85.66222916666642
2022-09-12T15:35:00+09:00,85.901,85.951,85.886,85.895,85.88439999999983,85.7800833333331,85.76500000000038,85.67418749999977
2022-09-12T15:36:00+09:00,85.89,85.925,85.865,85.91,85.90239999999983,85.79341666666643,85.77266666666704,85.68612499999976
2022-09-12T15:37:00+09:00,85.905,85.956,85.872,85.951,85.91619999999983,85.81166666666643,85.78391666666704,85.69843749999977
2022-09-12T15:38:00+09:00,85.94,85.972,85.911,85.96,85.92419999999983,85.83149999999976,85.79370833333371,85.71037499999977
2022-09-12T15:39:00+09:00,85.955,85.972,85.911,85.922,85.92759999999983,85.85033333333308,85.79870833333372,85.72185416666643
2022-09-12T15:40:00+09:00,85.927,85.942,85.902,85.91,85.93059999999983,85.86849999999976,85.80595833333372,85.7325833333331
2022-09-12T15:41:00+09:00,85.917,85.942,85.9,85.931,85.93479999999984,85.89141666666643,85.81304166666706,85.74343749999976
2022-09-12T15:42:00+09:00,85.942,85.971,85.9,85.967,85.93799999999983,85.91441666666644,85.81870833333373,85.7550208333331
2022-09-12T15:43:00+09:00,85.96,85.996,85.942,85.952,85.93639999999984,85.92541666666642,85.82441666666705,85.7631458333331
2022-09-12T15:44:00+09:00,85.945,85.987,85.92,85.976,85.94719999999984,85.93324999999976,85.83587500000039,85.77158333333308
2022-09-12T15:45:00+09:00,85.97,85.992,85.932,85.955,85.95619999999982,85.93616666666641,85.84641666666705,85.77939583333308
2022-09-12T15:46:00+09:00,85.962,86.001,85.951,85.995,85.96899999999984,85.94366666666643,85.85675000000039,85.78627083333309
2022-09-12T15:47:00+09:00,85.991,86.052,85.96,85.991,85.97379999999984,85.95166666666643,85.8658750000004,85.79420833333309
2022-09-12T15:48:00+09:00,85.985,86.007,85.945,85.952,85.97379999999984,85.95516666666641,85.87429166666705,85.80091666666642
2022-09-12T15:49:00+09:00,85.947,85.982,85.947,85.972,85.97299999999984,85.95691666666642,85.88429166666707,85.8075208333331
2022-09-12T15:50:00+09:00,85.975,86.032,85.975,86.027,85.98739999999984,85.96249999999975,85.89700000000039,85.8145208333331
2022-09-12T15:51:00+09:00,86.021,86.026,85.952,85.956,85.97959999999985,85.96533333333309,85.90783333333373,85.81972916666643
2022-09-12T15:52:00+09:00,85.95,86.027,85.941,85.991,85.97959999999985,85.97208333333309,85.92029166666707,85.82660416666643
2022-09-12T15:53:00+09:00,85.986,86.017,85.965,86.001,85.98939999999985,85.97791666666643,85.93466666666707,85.83329166666643
2022-09-12T15:54:00+09:00,85.996,86.012,85.976,86.002,85.99539999999985,85.98083333333311,85.9476250000004,85.84006249999976
2022-09-12T15:55:00+09:00,85.995,86.027,85.982,86.015,85.99299999999985,85.9860833333331,85.9557500000004,85.84699999999975
2022-09-12T15:56:00+09:00,86.022,86.131,86.01,86.075,86.01679999999985,85.99433333333309,85.96379166666708,85.85393749999976
2022-09-12T15:57:00+09:00,86.077,86.126,86.066,86.12,86.04259999999985,86.00808333333309,85.9721250000004,85.86174999999976
2022-09-12T15:58:00+09:00,86.125,86.165,86.095,86.145,86.07139999999985,86.0205833333331,85.9821250000004,85.86993749999976
2022-09-12T15:59:00+09:00,86.15,86.171,86.13,86.162,86.10339999999985,86.0348333333331,85.99325000000039,85.87912499999976
2022-09-12T16:00:00+09:00,86.156,86.28,86.145,86.262,86.15279999999984,86.06066666666642,86.00791666666707,85.89029166666643
2022-09-12T16:01:00+09:00,86.265,86.317,86.15,86.152,86.16819999999986,86.07566666666644,86.01629166666707,85.90010416666642
2022-09-12T16:02:00+09:00,86.16,86.167,86.077,86.097,86.16359999999985,86.08149999999978,86.02200000000039,85.90785416666643
2022-09-12T16:03:00+09:00,86.1,86.122,86.042,86.051,86.14479999999985,86.08941666666645,86.0273750000004,85.91304166666642
2022-09-12T16:04:00+09:00,86.047,86.152,86.045,86.115,86.13539999999985,86.09974999999979,86.03591666666706,85.92093749999975
2022-09-12T16:05:00+09:00,86.111,86.116,86.052,86.066,86.09619999999985,86.10516666666645,86.04154166666706,85.92729166666642
2022-09-12T16:06:00+09:00,86.061,86.111,86.04,86.066,86.07899999999987,86.11049999999977,86.04566666666706,85.93218749999977
2022-09-12T16:07:00+09:00,86.06,86.112,86.06,86.075,86.07459999999985,86.11549999999978,86.05079166666707,85.93760416666642
2022-09-12T16:08:00+09:00,86.072,86.13,86.072,86.112,86.08679999999985,86.11858333333312,86.05645833333374,85.94616666666644
2022-09-12T16:09:00+09:00,86.106,86.147,86.09,86.125,86.08879999999985,86.11899999999979,86.06354166666706,85.95497916666643
2022-09-12T16:10:00+09:00,86.13,86.252,86.125,86.212,86.11799999999985,86.12458333333312,86.07258333333374,85.96466666666645
2022-09-12T16:11:00+09:00,86.21,86.312,86.202,86.31,86.16679999999985,86.13691666666647,86.0858750000004,85.97587499999976
2022-09-12T16:12:00+09:00,86.317,86.357,86.23,86.232,86.19819999999984,86.13441666666644,86.09754166666708,85.98591666666643
2022-09-12T16:13:00+09:00,86.235,86.28,86.186,86.192,86.21419999999985,86.1377499999998,86.10670833333374,85.99549999999977
2022-09-12T16:14:00+09:00,86.197,86.331,86.197,86.311,86.25139999999985,86.15558333333313,86.11854166666707,86.0077708333331
2022-09-12T16:15:00+09:00,86.315,86.355,86.257,86.27,86.26299999999985,86.17383333333312,86.13162500000043,86.01972916666644
2022-09-12T16:16:00+09:00,86.265,86.347,86.245,86.312,86.26339999999985,86.19024999999978,86.14500000000042,86.0326458333331
2022-09-12T16:17:00+09:00,86.306,86.362,86.287,86.361,86.28919999999985,86.21483333333312,86.16000000000041,86.04733333333313
2022-09-12T16:18:00+09:00,86.361,86.422,86.34,86.375,86.32579999999986,86.24058333333312,86.17554166666707,86.0615833333331
2022-09-12T16:19:00+09:00,86.381,86.422,86.356,86.387,86.34099999999987,86.26658333333312,86.19104166666709,86.07339583333311
2022-09-12T16:20:00+09:00,86.382,86.576,86.375,86.527,86.39239999999987,86.30116666666645,86.20987500000041,86.08683333333312
2022-09-12T16:21:00+09:00,86.521,86.626,86.471,86.517,86.43339999999986,86.33383333333312,86.22641666666708,86.09927083333311
2022-09-12T16:22:00+09:00,86.517,86.552,86.49,86.51,86.46319999999986,86.35866666666645,86.2416250000004,86.11187499999978
2022-09-12T16:23:00+09:00,86.517,86.582,86.495,86.561,86.50039999999986,86.37958333333312,86.25825000000042,86.12574999999977
2022-09-12T16:24:00+09:00,86.572,86.607,86.56,86.585,86.53999999999985,86.40899999999978,86.27170833333373,86.13981249999978
2022-09-12T16:25:00+09:00,86.581,86.627,86.566,86.627,86.55999999999986,86.44524999999977,86.2915000000004,86.15389583333312
2022-09-12T16:26:00+09:00,86.625,86.635,86.542,86.591,86.57479999999985,86.46858333333311,86.31208333333375,86.16704166666644
2022-09-12T16:27:00+09:00,86.586,86.637,86.576,86.592,86.59119999999984,86.49541666666646,86.3346250000004,86.18099999999977
2022-09-12T16:28:00+09:00,86.59,86.642,86.586,86.621,86.60319999999983,86.52116666666645,86.35570833333374,86.19581249999978
2022-09-12T16:29:00+09:00,86.616,86.636,86.582,86.597,86.60559999999984,86.54083333333311,86.37783333333374,86.20968749999979
2022-09-12T16:30:00+09:00,86.6,86.761,86.6,86.702,86.62059999999984,86.5680833333331,86.40433333333374,86.22499999999978
2022-09-12T16:31:00+09:00,86.712,86.771,86.695,86.717,86.64579999999985,86.59558333333312,86.43108333333373,86.24093749999979
2022-09-12T16:32:00+09:00,86.712,86.746,86.651,86.671,86.66159999999984,86.60758333333312,86.45437500000041,86.25541666666645
2022-09-12T16:33:00+09:00,86.677,86.702,86.652,86.662,86.66979999999985,86.61966666666645,86.4767500000004,86.27014583333312
2022-09-12T16:34:00+09:00,86.667,86.68,86.6,86.636,86.67759999999984,86.63016666666645,86.49441666666706,86.28349999999978
2022-09-12T16:35:00+09:00,86.641,86.652,86.56,86.621,86.66139999999984,86.63516666666645,86.50737500000041,86.29662499999978
2022-09-12T16:36:00+09:00,86.622,86.727,86.621,86.68,86.65399999999984,86.64308333333314,86.52604166666707,86.31179166666645
2022-09-12T16:37:00+09:00,86.686,86.827,86.686,86.811,86.68199999999983,86.65841666666647,86.55183333333373,86.32927083333311
2022-09-12T16:38:00+09:00,86.807,86.845,86.67,86.715,86.69259999999983,86.66874999999978,86.56866666666707,86.34360416666647
2022-09-12T16:39:00+09:00,86.717,86.732,86.656,86.67,86.69939999999983,86.67524999999978,86.58533333333374,86.35847916666644
2022-09-12T16:40:00+09:00,86.675,86.805,86.67,86.767,86.72859999999984,86.68741666666646,86.60429166666707,86.3746458333331
2022-09-12T16:41:00+09:00,86.771,86.776,86.715,86.731,86.73879999999984,86.69858333333313,86.61970833333373,86.38985416666645
2022-09-12T16:42:00+09:00,86.74,86.831,86.73,86.815,86.73959999999984,86.70799999999979,86.63804166666706,86.40679166666645
2022-09-12T16:43:00+09:00,86.812,86.922,86.8,86.86,86.76859999999985,86.71991666666645,86.6577500000004,86.42439583333311
2022-09-12T16:44:00+09:00,86.865,86.892,86.831,86.831,86.80079999999984,86.73324999999979,86.67041666666707,86.44014583333312
2022-09-12T16:45:00+09:00,86.837,86.931,86.837,86.882,86.82379999999985,86.7515833333331,86.6856250000004,86.45602083333311
2022-09-12T16:46:00+09:00,86.881,86.907,86.845,86.902,86.85799999999985,86.77374999999978,86.70195833333374,86.47179166666645
2022-09-12T16:47:00+09:00,86.895,86.907,86.86,86.862,86.86739999999985,86.79383333333311,86.71450000000038,86.48637499999978
2022-09-12T16:48:00+09:00,86.856,86.902,86.845,86.847,86.86479999999985,86.80774999999979,86.72541666666706,86.49856249999978
2022-09-12T16:49:00+09:00,86.851,86.851,86.746,86.795,86.85759999999985,86.80641666666645,86.73241666666706,86.51195833333311
2022-09-12T16:50:00+09:00,86.801,86.832,86.706,86.731,86.82739999999983,86.80774999999979,86.73825000000039,86.52516666666645
2022-09-12T16:51:00+09:00,86.731,86.772,86.685,86.702,86.78739999999985,86.81041666666646,86.74283333333373,86.53872916666644
2022-09-12T16:52:00+09:00,86.701,86.722,86.605,86.68,86.75099999999983,86.80316666666646,86.74529166666707,86.55049999999977
2022-09-12T16:53:00+09:00,86.676,86.72,86.636,86.641,86.70979999999983,86.79566666666646,86.7471250000004,86.56247916666644
2022-09-12T16:54:00+09:00,86.65,86.717,86.64,86.701,86.69099999999983,86.78616666666646,86.74708333333372,86.57570833333311
2022-09-12T16:55:00+09:00,86.707,86.74,86.62,86.625,86.66979999999982,86.76658333333312,86.7432500000004,86.58716666666645
2022-09-12T16:56:00+09:00,86.62,86.657,86.595,86.626,86.65459999999983,86.74949999999978,86.7413750000004,86.59787499999977
2022-09-12T16:57:00+09:00,86.622,86.682,86.6,86.61,86.64059999999984,86.7268333333331,86.73920833333374,86.60797916666644
2022-09-12T16:58:00+09:00,86.607,86.62,86.57,86.615,86.63539999999983,86.70291666666644,86.73833333333373,86.61637499999978
2022-09-12T16:59:00+09:00,86.622,86.651,86.525,86.556,86.60639999999985,86.67741666666645,86.73562500000038,86.62149999999976
2022-09-12T17:00:00+09:00,86.562,86.657,86.52,86.65,86.61139999999985,86.66099999999977,86.7343750000004,86.6302083333331
2022-09-12T17:01:00+09:00,86.647,86.861,86.582,86.856,86.65739999999984,86.6660833333331,86.73625000000038,86.64404166666644
2022-09-12T17:02:00+09:00,86.845,86.882,86.76,86.866,86.70859999999985,86.67733333333312,86.74254166666704,86.65560416666644
2022-09-12T17:03:00+09:00,86.87,86.922,86.821,86.841,86.75379999999984,86.68891666666644,86.74966666666705,86.66749999999978
2022-09-12T17:04:00+09:00,86.851,86.937,86.792,86.796,86.80179999999984,86.6985833333331,86.75087500000039,86.67758333333309
2022-09-12T17:05:00+09:00,86.795,86.817,86.681,86.732,86.81819999999985,86.70616666666643,86.75091666666704,86.68531249999977
2022-09-12T17:06:00+09:00,86.742,86.851,86.736,86.851,86.81719999999984,86.71866666666644,86.75241666666705,86.69522916666644
2022-09-12T17:07:00+09:00,86.842,86.862,86.73,86.757,86.79539999999983,86.72966666666645,86.7481250000004,86.70293749999978
2022-09-12T17:08:00+09:00,86.75,86.757,86.642,86.655,86.75819999999983,86.73208333333311,86.74079166666705,86.70560416666643
2022-09-12T17:09:00+09:00,86.65,86.776,86.65,86.751,86.74919999999983,86.7438333333331,86.73533333333371,86.71047916666645
2022-09-12T17:10:00+09:00,86.745,86.826,86.711,86.731,86.74899999999982,86.75349999999976,86.72820833333371,86.7150833333331
2022-09-12T17:11:00+09:00,86.737,86.741,86.675,86.732,86.72519999999983,86.76816666666645,86.72279166666704,86.7186458333331
2022-09-12T17:12:00+09:00,86.731,86.76,86.7,86.727,86.71919999999983,86.77458333333311,86.71779166666704,86.72160416666644
2022-09-12T17:13:00+09:00,86.721,86.732,86.61,86.642,86.71659999999983,86.75674999999978,86.71141666666705,86.72191666666644
2022-09-12T17:14:00+09:00,86.632,86.632,86.555,86.581,86.68259999999984,86.73299999999978,86.70516666666704,86.7217083333331
2022-09-12T17:15:00+09:00,86.575,86.687,86.575,86.646,86.66559999999983,86.71674999999978,86.70283333333373,86.7228333333331
2022-09-12T17:16:00+09:00,86.65,86.722,86.65,86.716,86.66239999999982,86.71008333333312,86.70433333333371,86.72481249999977
2022-09-12T17:17:00+09:00,86.722,86.757,86.705,86.746,86.66619999999982,86.71124999999978,86.70870833333372,86.72791666666643
2022-09-12T17:18:00+09:00,86.752,86.761,86.64,86.646,86.66699999999982,86.69416666666645,86.70641666666705,86.72674999999977
2022-09-12T17:19:00+09:00,86.641,86.732,86.596,86.686,86.6879999999998,86.6882499999998,86.70895833333373,86.72610416666645
2022-09-12T17:20:00+09:00,86.686,86.772,86.68,86.746,86.70799999999981,86.69583333333311,86.71395833333372,86.72766666666644
2022-09-12T17:21:00+09:00,86.74,86.74,86.346,86.467,86.65819999999981,86.67216666666644,86.70800000000037,86.72360416666645
2022-09-12T17:22:00+09:00,86.477,86.577,86.42,86.49,86.60699999999981,86.65208333333311,86.70279166666704,86.72056249999976
2022-09-12T17:23:00+09:00,86.49,86.607,86.477,86.515,86.58079999999981,86.63399999999979,86.7010833333337,86.71835416666643
2022-09-12T17:24:00+09:00,86.512,86.617,86.512,86.617,86.56699999999981,86.62483333333311,86.6997083333337,86.71704166666645
2022-09-12T17:25:00+09:00,86.622,86.625,86.47,86.521,86.5219999999998,86.61474999999977,86.68575000000037,86.71099999999977
2022-09-12T17:26:00+09:00,86.526,86.577,86.382,86.435,86.51559999999981,86.6025833333331,86.66779166666704,86.70516666666644
2022-09-12T17:27:00+09:00,86.441,86.572,86.437,86.562,86.5299999999998,86.59558333333312,86.65616666666705,86.70291666666644
2022-09-12T17:28:00+09:00,86.557,86.621,86.505,86.557,86.5383999999998,86.58233333333311,86.64620833333372,86.69854166666643
2022-09-12T17:29:00+09:00,86.562,86.647,86.526,86.62,86.5389999999998,86.57183333333312,86.64154166666704,86.69622916666644
2022-09-12T17:30:00+09:00,86.625,86.647,86.575,86.636,86.5619999999998,86.57099999999978,86.6325833333337,86.69249999999977
2022-09-12T17:31:00+09:00,86.637,86.777,86.62,86.756,86.6261999999998,86.57683333333311,86.63254166666705,86.6903333333331
2022-09-12T17:32:00+09:00,86.751,86.89,86.737,86.846,86.68299999999981,86.58516666666644,86.64050000000037,86.69064583333311
2022-09-12T17:33:00+09:00,86.847,86.901,86.831,86.851,86.74179999999981,86.61716666666644,86.64466666666704,86.68999999999977
2022-09-12T17:34:00+09:00,86.855,86.901,86.791,86.791,86.77599999999981,86.64224999999976,86.64716666666705,86.68768749999977
2022-09-12T17:35:00+09:00,86.781,86.837,86.766,86.826,86.81399999999982,86.66816666666644,86.65108333333372,86.68693749999977
2022-09-12T17:36:00+09:00,86.831,86.911,86.807,86.847,86.8321999999998,86.68733333333309,86.65608333333371,86.68693749999977
2022-09-12T17:37:00+09:00,86.85,86.97,86.836,86.85,86.83299999999981,86.71474999999977,86.66475000000037,86.6880833333331
2022-09-12T17:38:00+09:00,86.84,86.855,86.76,86.79,86.8207999999998,86.7443333333331,86.67345833333371,86.68931249999976
2022-09-12T17:39:00+09:00,86.79,86.875,86.71,86.785,86.8195999999998,86.76291666666644,86.67925000000037,86.69104166666644
2022-09-12T17:40:00+09:00,86.792,86.926,86.775,86.871,86.8285999999998,86.78908333333311,86.68570833333371,86.6950208333331
2022-09-12T17:41:00+09:00,86.862,87.042,86.86,87,86.8591999999998,86.82074999999976,86.69629166666704,86.70249999999977
2022-09-12T17:42:00+09:00,86.992,87.047,86.955,87.001,86.8893999999998,86.85116666666643,86.7110833333337,86.70874999999978
2022-09-12T17:43:00+09:00,86.997,87.057,86.936,87.041,86.9395999999998,86.87491666666642,86.72587500000037,86.71741666666645
2022-09-12T17:44:00+09:00,87.041,87.302,87.04,87.265,87.0355999999998,86.9098333333331,86.74750000000036,86.73072916666645
2022-09-12T17:45:00+09:00,87.27,87.365,87.27,87.307,87.12279999999981,86.9478333333331,86.78250000000037,86.74524999999977
2022-09-12T17:46:00+09:00,87.301,87.346,87.2,87.225,87.16779999999981,86.98399999999975,86.81312500000037,86.75795833333312
2022-09-12T17:47:00+09:00,87.232,87.262,87.201,87.25,87.2175999999998,87.01933333333308,86.84375000000036,86.77241666666646
2022-09-12T17:48:00+09:00,87.251,87.265,87.191,87.221,87.2535999999998,87.05049999999976,86.86891666666703,86.78431249999977
2022-09-12T17:49:00+09:00,87.226,87.262,87.202,87.22,87.2445999999998,87.08133333333309,86.89804166666704,86.79189583333311
2022-09-12T17:50:00+09:00,87.225,87.31,87.225,87.292,87.24159999999982,87.12316666666642,86.93375000000036,86.80077083333312
2022-09-12T17:51:00+09:00,87.286,87.316,87.225,87.282,87.25299999999983,87.1645833333331,86.96375000000036,86.80995833333311
2022-09-12T17:52:00+09:00,87.291,87.347,87.266,87.287,87.26039999999982,87.19924999999976,86.99416666666703,86.82018749999979
2022-09-12T17:53:00+09:00,87.292,87.341,87.29,87.291,87.27439999999982,87.22349999999976,87.02212500000037,86.83183333333312
2022-09-12T17:54:00+09:00,87.296,87.365,87.292,87.345,87.29939999999982,87.25216666666643,87.05166666666703,86.8421249999998
2022-09-12T17:55:00+09:00,87.35,87.527,87.331,87.515,87.34399999999981,87.29166666666644,87.08329166666704,86.85791666666647
2022-09-12T17:56:00+09:00,87.515,87.545,87.451,87.491,87.38579999999982,87.31049999999976,87.11016666666704,86.87533333333312
2022-09-12T17:57:00+09:00,87.496,87.506,87.4,87.467,87.42179999999982,87.3238333333331,87.13583333333371,86.8902499999998
2022-09-12T17:58:00+09:00,87.461,87.511,87.425,87.427,87.44899999999981,87.34066666666644,87.1623333333337,86.9047499999998
2022-09-12T17:59:00+09:00,87.431,87.436,87.371,87.41,87.4619999999998,87.35399999999976,87.18666666666702,86.91887499999979
2022-09-12T18:00:00+09:00,87.415,87.482,87.377,87.427,87.44439999999982,87.37116666666644,87.2108333333337,86.93345833333312
2022-09-12T18:01:00+09:00,87.431,87.475,87.39,87.462,87.43859999999981,87.3913333333331,87.23633333333369,86.95054166666647
2022-09-12T18:02:00+09:00,87.452,87.522,87.445,87.507,87.4465999999998,87.40924999999977,87.2662083333337,86.96983333333314
2022-09-12T18:03:00+09:00,87.5,87.575,87.47,87.516,87.46439999999981,87.42874999999977,87.29666666666702,86.98795833333314
2022-09-12T18:04:00+09:00,87.511,87.541,87.465,87.516,87.4855999999998,87.44783333333311,87.32354166666703,87.0046249999998
2022-09-12T18:05:00+09:00,87.521,87.536,87.441,87.536,87.5073999999998,87.46824999999978,87.34587500000036,87.02108333333314
2022-09-12T18:06:00+09:00,87.536,87.561,87.485,87.507,87.51639999999982,87.48174999999979,87.36695833333368,87.03902083333314
2022-09-12T18:07:00+09:00,87.511,87.527,87.451,87.476,87.5101999999998,87.47849999999978,87.38508333333368,87.05547916666647
2022-09-12T18:08:00+09:00,87.482,87.502,87.45,87.477,87.50239999999981,87.4773333333331,87.39391666666701,87.07070833333313
2022-09-12T18:09:00+09:00,87.481,87.527,87.476,87.515,87.5021999999998,87.48133333333311,87.40258333333368,87.09254166666646
2022-09-12T18:10:00+09:00,87.526,87.547,87.481,87.495,87.4939999999998,87.48699999999978,87.41383333333368,87.11347916666647
2022-09-12T18:11:00+09:00,87.496,87.537,87.485,87.491,87.49079999999978,87.49374999999979,87.42387500000035,87.1338124999998
2022-09-12T18:12:00+09:00,87.501,87.597,87.491,87.596,87.51479999999978,87.50783333333311,87.43950000000035,87.15420833333313
2022-09-12T18:13:00+09:00,87.585,87.627,87.55,87.605,87.54039999999979,87.51974999999977,87.455541666667,87.17679166666646
2022-09-12T18:14:00+09:00,87.606,87.651,87.571,87.585,87.55439999999979,87.52624999999978,87.46775000000035,87.2007499999998
2022-09-12T18:15:00+09:00,87.58,87.626,87.575,87.595,87.5743999999998,87.5328333333331,87.48079166666702,87.22227083333313
2022-09-12T18:16:00+09:00,87.595,87.616,87.525,87.527,87.5815999999998,87.53374999999977,87.49079166666702,87.24247916666646
2022-09-12T18:17:00+09:00,87.53,87.545,87.412,87.425,87.54739999999978,87.52449999999978,87.49637500000036,87.2592499999998
2022-09-12T18:18:00+09:00,87.422,87.475,87.366,87.472,87.5207999999998,87.52158333333311,87.50166666666702,87.27666666666647
2022-09-12T18:19:00+09:00,87.47,87.512,87.422,87.447,87.4931999999998,87.51916666666644,87.49883333333368,87.2910624999998
2022-09-12T18:20:00+09:00,87.452,87.592,87.452,87.575,87.48919999999978,87.5273333333331,87.50233333333368,87.3062499999998
2022-09-12T18:21:00+09:00,87.576,87.641,87.541,87.641,87.51199999999979,87.5378333333331,87.50958333333368,87.32270833333314
2022-09-12T18:22:00+09:00,87.645,87.661,87.635,87.64,87.5549999999998,87.54991666666643,87.51845833333368,87.34039583333315
2022-09-12T18:23:00+09:00,87.636,87.662,87.61,87.627,87.58599999999979,87.56124999999976,87.52750000000036,87.35708333333315
2022-09-12T18:24:00+09:00,87.632,87.641,87.59,87.612,87.61899999999979,87.56258333333311,87.53520833333369,87.37302083333316
2022-09-12T18:25:00+09:00,87.615,87.682,87.615,87.672,87.63839999999979,87.56816666666644,87.54395833333369,87.39014583333316
2022-09-12T18:26:00+09:00,87.667,87.682,87.63,87.68,87.6461999999998,87.5760833333331,87.55116666666702,87.40868749999981
2022-09-12T18:27:00+09:00,87.687,87.701,87.646,87.655,87.6491999999998,87.5810833333331,87.55695833333368,87.42681249999981
2022-09-12T18:28:00+09:00,87.651,87.661,87.6,87.615,87.64679999999979,87.58841666666643,87.56108333333368,87.4423124999998
2022-09-12T18:29:00+09:00,87.612,87.621,87.552,87.597,87.6437999999998,87.60274999999977,87.56362500000036,87.4547499999998
2022-09-12T18:30:00+09:00,87.601,87.682,87.586,87.661,87.6415999999998,87.61849999999976,87.57004166666701,87.46849999999979
2022-09-12T18:31:00+09:00,87.661,87.702,87.656,87.667,87.6389999999998,87.63683333333309,87.57800000000036,87.48154166666647
2022-09-12T18:32:00+09:00,87.66,87.692,87.657,87.667,87.6413999999998,87.64449999999977,87.58591666666702,87.48991666666647
2022-09-12T18:33:00+09:00,87.657,87.667,87.641,87.657,87.64979999999981,87.6458333333331,87.59183333333368,87.49720833333315
2022-09-12T18:34:00+09:00,87.656,87.666,87.632,87.645,87.6593999999998,87.64624999999977,87.59808333333369,87.50595833333314
2022-09-12T18:35:00+09:00,87.641,87.652,87.59,87.601,87.6473999999998,87.64408333333309,87.60266666666702,87.51327083333314
2022-09-12T18:36:00+09:00,87.605,87.612,87.561,87.602,87.63439999999981,87.64324999999975,87.60291666666701,87.52120833333315
2022-09-12T18:37:00+09:00,87.596,87.615,87.59,87.61,87.6229999999998,87.6380833333331,87.60312500000036,87.52933333333316
2022-09-12T18:38:00+09:00,87.607,87.651,87.59,87.642,87.61999999999982,87.63491666666643,87.60550000000036,87.53662499999983
2022-09-12T18:39:00+09:00,87.635,87.635,87.596,87.625,87.61599999999981,87.63241666666643,87.60675000000036,87.54377083333316
2022-09-12T18:40:00+09:00,87.621,87.642,87.617,87.631,87.62199999999982,87.63374999999978,87.61108333333368,87.55093749999982
2022-09-12T18:41:00+09:00,87.631,87.692,87.63,87.692,87.63999999999982,87.64166666666642,87.62220833333369,87.55929166666648
2022-09-12T18:42:00+09:00,87.682,87.692,87.647,87.67,87.65199999999982,87.64241666666642,87.63045833333369,87.56606249999982
2022-09-12T18:43:00+09:00,87.677,87.682,87.655,87.661,87.65579999999981,87.64191666666643,87.63937500000036,87.56910416666649
2022-09-12T18:44:00+09:00,87.665,87.687,87.655,87.665,87.66379999999982,87.64174999999977,87.64312500000035,87.57272916666649
2022-09-12T18:45:00+09:00,87.671,87.69,87.662,87.685,87.67459999999983,87.64408333333309,87.64495833333369,87.57727083333316
2022-09-12T18:46:00+09:00,87.686,87.697,87.646,87.661,87.66839999999982,87.64541666666643,87.6458333333337,87.58214583333317
2022-09-12T18:47:00+09:00,87.665,87.672,87.627,87.657,87.66579999999983,87.6500833333331,87.6470833333337,87.58729166666649
2022-09-12T18:48:00+09:00,87.657,87.675,87.656,87.675,87.66859999999983,87.65616666666644,87.6497083333337,87.59245833333317
2022-09-12T18:49:00+09:00,87.676,87.68,87.605,87.631,87.66179999999983,87.65791666666644,87.64800000000037,87.5959791666665
2022-09-12T18:50:00+09:00,87.636,87.651,87.526,87.552,87.63519999999983,87.65041666666644,87.64266666666703,87.5969166666665
2022-09-12T18:51:00+09:00,87.557,87.557,87.405,87.405,87.58399999999983,87.63208333333311,87.63225000000038,87.59460416666649
2022-09-12T18:52:00+09:00,87.41,87.507,87.37,87.505,87.55359999999982,87.6215833333331,87.62766666666704,87.59437499999983
2022-09-12T18:53:00+09:00,87.505,87.61,87.505,87.555,87.52959999999982,87.61016666666644,87.62591666666702,87.59477083333314
2022-09-12T18:54:00+09:00,87.552,87.616,87.542,87.571,87.51759999999982,87.60191666666644,87.62216666666704,87.59610416666648
2022-09-12T18:55:00+09:00,87.582,87.632,87.57,87.611,87.52939999999982,87.59774999999978,87.6198333333337,87.59891666666647
2022-09-12T18:56:00+09:00,87.615,87.655,87.585,87.622,87.57279999999983,87.59416666666645,87.6179583333337,87.6019374999998
2022-09-12T18:57:00+09:00,87.626,87.657,87.602,87.64,87.59979999999982,87.59041666666644,87.61725000000037,87.60454166666648
2022-09-12T18:58:00+09:00,87.647,87.676,87.635,87.635,87.61579999999984,87.58824999999977,87.6168333333337,87.60745833333313
2022-09-12T18:59:00+09:00,87.636,87.665,87.622,87.646,87.63079999999982,87.5873333333331,87.6187083333337,87.61068749999981
2022-09-12T19:00:00+09:00,87.642,87.681,87.566,87.57,87.62259999999984,87.5785833333331,87.61737500000037,87.61014583333315
2022-09-12T19:01:00+09:00,87.566,87.622,87.496,87.611,87.62039999999982,87.57691666666643,87.61741666666704,87.61027083333313
2022-09-12T19:02:00+09:00,87.615,87.692,87.615,87.662,87.62479999999982,87.5860833333331,87.61825000000037,87.61187499999981
2022-09-12T19:03:00+09:00,87.667,87.692,87.642,87.657,87.62919999999983,87.6070833333331,87.61958333333371,87.61316666666647
2022-09-12T19:04:00+09:00,87.66,87.682,87.6,87.612,87.62239999999981,87.61599999999976,87.61879166666704,87.61493749999981
2022-09-12T19:05:00+09:00,87.605,87.66,87.5,87.526,87.61359999999982,87.6135833333331,87.61187500000035,87.61704166666647
2022-09-12T19:06:00+09:00,87.531,87.627,87.512,87.527,87.59679999999983,87.60991666666644,87.60591666666703,87.6181874999998
2022-09-12T19:07:00+09:00,87.517,87.535,87.466,87.53,87.57039999999981,87.60316666666643,87.60045833333369,87.61991666666647
2022-09-12T19:08:00+09:00,87.521,87.521,87.442,87.451,87.52919999999982,87.58891666666644,87.59154166666703,87.61733333333314
2022-09-12T19:09:00+09:00,87.456,87.475,87.391,87.431,87.49299999999982,87.57149999999977,87.5809583333337,87.61295833333314
2022-09-12T19:10:00+09:00,87.437,87.517,87.437,87.486,87.48499999999981,87.55908333333309,87.57366666666702,87.60974999999979
2022-09-12T19:11:00+09:00,87.48,87.485,87.435,87.48,87.47559999999983,87.54524999999977,87.56629166666704,87.6066874999998
2022-09-12T19:12:00+09:00,87.476,87.486,87.43,87.43,87.45559999999982,87.53358333333311,87.55608333333372,87.60289583333314
2022-09-12T19:13:00+09:00,87.435,87.507,87.42,87.497,87.46479999999983,87.52408333333311,87.55050000000038,87.5992499999998
2022-09-12T19:14:00+09:00,87.501,87.595,87.49,87.551,87.48879999999983,87.5148333333331,87.55045833333371,87.59656249999979
2022-09-12T19:15:00+09:00,87.557,87.582,87.545,87.575,87.50659999999982,87.50799999999977,87.55754166666703,87.59489583333313
2022-09-12T19:16:00+09:00,87.571,87.661,87.552,87.657,87.54199999999983,87.51174999999976,87.56387500000038,87.59577083333313
2022-09-12T19:17:00+09:00,87.655,87.682,87.632,87.632,87.58239999999982,87.5205833333331,87.5670833333337,87.5964999999998
2022-09-12T19:18:00+09:00,87.626,87.686,87.621,87.686,87.62019999999981,87.5338333333331,87.57187500000038,87.59702083333315
2022-09-12T19:19:00+09:00,87.702,87.722,87.64,87.712,87.65239999999983,87.54899999999977,87.57608333333371,87.59795833333315
2022-09-12T19:20:00+09:00,87.7,87.722,87.671,87.682,87.67379999999983,87.56824999999976,87.57858333333371,87.59827083333316
2022-09-12T19:21:00+09:00,87.68,87.692,87.63,87.66,87.6743999999998,87.5873333333331,87.57941666666704,87.59833333333314
2022-09-12T19:22:00+09:00,87.66,87.707,87.655,87.696,87.6871999999998,87.6048333333331,87.5819583333337,87.59939583333313
2022-09-12T19:23:00+09:00,87.7,87.721,87.662,87.682,87.6863999999998,87.62166666666644,87.5834583333337,87.60108333333314
2022-09-12T19:24:00+09:00,87.67,87.717,87.67,87.707,87.6853999999998,87.64474999999977,87.58916666666704,87.60327083333313
2022-09-12T19:25:00+09:00,87.702,87.717,87.67,87.71,87.6909999999998,87.66249999999978,87.59329166666704,87.60535416666647
2022-09-12T19:26:00+09:00,87.707,87.715,87.651,87.676,87.6941999999998,87.67291666666644,87.59387500000038,87.60606249999982
2022-09-12T19:27:00+09:00,87.672,87.681,87.602,87.627,87.6803999999998,87.67724999999977,87.59262500000038,87.6061041666665
2022-09-12T19:28:00+09:00,87.622,87.652,87.616,87.652,87.67439999999979,87.67683333333311,87.59429166666705,87.60654166666649
2022-09-12T19:29:00+09:00,87.642,87.662,87.63,87.652,87.6633999999998,87.67849999999977,87.59954166666705,87.60570833333315
2022-09-12T19:30:00+09:00,87.646,87.687,87.636,87.661,87.6535999999998,87.67641666666646,87.60512500000038,87.60552083333316
2022-09-12T19:31:00+09:00,87.65,87.691,87.646,87.68,87.6543999999998,87.6737499999998,87.61137500000036,87.60591666666649
2022-09-12T19:32:00+09:00,87.681,87.717,87.661,87.686,87.6661999999998,87.67408333333312,87.62116666666704,87.60635416666649
2022-09-12T19:33:00+09:00,87.681,87.711,87.646,87.656,87.6669999999998,87.6737499999998,87.63054166666706,87.60574999999982
2022-09-12T19:34:00+09:00,87.65,87.697,87.65,87.677,87.6719999999998,87.67216666666646,87.63850000000038,87.60608333333316
2022-09-12T19:35:00+09:00,87.667,87.667,87.63,87.645,87.66879999999979,87.66908333333312,87.64537500000039,87.60583333333314
2022-09-12T19:36:00+09:00,87.651,87.702,87.64,87.686,87.6699999999998,87.66733333333313,87.65604166666704,87.60606249999982
2022-09-12T19:37:00+09:00,87.691,87.692,87.65,87.667,87.6661999999998,87.66374999999978,87.66312500000038,87.60681249999982
2022-09-12T19:38:00+09:00,87.67,87.677,87.615,87.635,87.6619999999998,87.66033333333313,87.66662500000037,87.60854166666648
2022-09-12T19:39:00+09:00,87.64,87.672,87.621,87.64,87.6545999999998,87.66141666666647,87.66933333333371,87.6134374999998
2022-09-12T19:40:00+09:00,87.647,87.661,87.635,87.64,87.6535999999998,87.66041666666648,87.66862500000038,87.61624999999981
2022-09-12T19:41:00+09:00,87.646,87.661,87.61,87.625,87.64139999999979,87.65816666666647,87.6683333333337,87.61770833333316
2022-09-12T19:42:00+09:00,87.627,87.666,87.625,87.645,87.6369999999998,87.65683333333313,87.66662500000037,87.61924999999984
2022-09-12T19:43:00+09:00,87.652,87.677,87.64,87.66,87.6419999999998,87.65516666666646,87.66445833333371,87.62027083333315
2022-09-12T19:44:00+09:00,87.656,87.667,87.632,87.646,87.6431999999998,87.65183333333313,87.66295833333372,87.62077083333315
2022-09-12T19:45:00+09:00,87.65,87.691,87.641,87.687,87.65259999999981,87.65441666666646,87.66408333333372,87.6217499999998
2022-09-12T19:46:00+09:00,87.687,87.701,87.642,87.651,87.6577999999998,87.6522499999998,87.66220833333371,87.62208333333315
2022-09-12T19:47:00+09:00,87.656,87.661,87.605,87.611,87.6509999999998,87.64941666666645,87.65925000000038,87.62135416666648
2022-09-12T19:48:00+09:00,87.605,87.606,87.56,87.592,87.6373999999998,87.64158333333313,87.65445833333371,87.6218124999998
2022-09-12T19:49:00+09:00,87.585,87.626,87.58,87.615,87.6311999999998,87.63724999999978,87.65050000000038,87.62189583333314
2022-09-12T19:50:00+09:00,87.61,87.652,87.565,87.567,87.60719999999979,87.63158333333313,87.64595833333372,87.61991666666647
2022-09-12T19:51:00+09:00,87.572,87.587,87.536,87.541,87.58519999999979,87.62333333333312,87.64237500000037,87.61749999999982
2022-09-12T19:52:00+09:00,87.545,87.586,87.535,87.562,87.57539999999979,87.61683333333313,87.63862500000037,87.61645833333314
2022-09-12T19:53:00+09:00,87.571,87.582,87.432,87.495,87.55599999999978,87.60599999999978,87.63208333333371,87.61581249999982
2022-09-12T19:54:00+09:00,87.501,87.531,87.44,87.452,87.52339999999978,87.58991666666645,87.6233750000004,87.61424999999981
2022-09-12T19:55:00+09:00,87.452,87.481,87.44,87.467,87.50339999999979,87.57383333333313,87.61450000000038,87.61293749999982
2022-09-12T19:56:00+09:00,87.465,87.527,87.415,87.496,87.49439999999979,87.56133333333314,87.60658333333372,87.61387499999982
2022-09-12T19:57:00+09:00,87.507,87.582,87.507,87.552,87.49239999999979,87.55008333333313,87.60225000000037,87.61639583333313
2022-09-12T19:58:00+09:00,87.557,87.572,87.43,87.44,87.4813999999998,87.5324999999998,87.59237500000039,87.61543749999981
2022-09-12T19:59:00+09:00,87.447,87.447,87.39,87.412,87.47339999999978,87.51591666666646,87.58266666666704,87.61402083333314
2022-09-12T20:00:00+09:00,87.416,87.467,87.365,87.437,87.46739999999978,87.5029999999998,87.57229166666703,87.61416666666649
2022-09-12T20:01:00+09:00,87.44,87.552,87.436,87.537,87.47559999999979,87.4964999999998,87.56687500000038,87.61499999999984
2022-09-12T20:02:00+09:00,87.532,87.552,87.471,87.497,87.46459999999979,87.49066666666647,87.56112500000036,87.61387499999982
2022-09-12T20:03:00+09:00,87.49,87.492,87.47,87.485,87.47359999999979,87.4859999999998,87.55466666666705,87.61199999999984
2022-09-12T20:04:00+09:00,87.491,87.522,87.46,87.472,87.48559999999978,87.47849999999981,87.54766666666704,87.60814583333315
2022-09-12T20:05:00+09:00,87.465,87.511,87.451,87.505,87.49919999999979,87.47933333333314,87.54266666666705,87.60549999999982
2022-09-12T20:06:00+09:00,87.505,87.546,87.48,87.517,87.4951999999998,87.48474999999979,87.53733333333372,87.60197916666648
2022-09-12T20:07:00+09:00,87.522,87.542,87.515,87.542,87.50419999999978,87.4909999999998,87.53241666666706,87.59843749999982
2022-09-12T20:08:00+09:00,87.541,87.557,87.465,87.477,87.50259999999979,87.48941666666646,87.52537500000038,87.59416666666647
2022-09-12T20:09:00+09:00,87.482,87.487,87.455,87.466,87.50139999999979,87.4822499999998,87.51616666666705,87.59012499999982
2022-09-12T20:10:00+09:00,87.461,87.472,87.356,87.387,87.4777999999998,87.47783333333314,87.50516666666704,87.58368749999981
2022-09-12T20:11:00+09:00,87.377,87.392,87.305,87.365,87.4473999999998,87.47391666666645,87.49491666666705,87.57708333333316
2022-09-12T20:12:00+09:00,87.36,87.461,87.36,87.436,87.4261999999998,87.47383333333312,87.48841666666705,87.57143749999983
2022-09-12T20:13:00+09:00,87.432,87.432,87.31,87.325,87.39579999999981,87.45616666666645,87.47633333333373,87.5634166666665
2022-09-12T20:14:00+09:00,87.321,87.336,87.241,87.267,87.3559999999998,87.43699999999978,87.46383333333371,87.55489583333316
2022-09-12T20:15:00+09:00,87.271,87.35,87.266,87.295,87.33759999999981,87.42116666666647,87.45358333333371,87.5479791666665
2022-09-12T20:16:00+09:00,87.301,87.311,87.2,87.205,87.30559999999981,87.39891666666647,87.43870833333371,87.53866666666649
2022-09-12T20:17:00+09:00,87.21,87.27,87.207,87.256,87.26959999999981,87.37816666666646,87.42875000000038,87.5304166666665
2022-09-12T20:18:00+09:00,87.261,87.301,87.25,87.267,87.25799999999981,87.35733333333313,87.42104166666705,87.52220833333318
2022-09-12T20:19:00+09:00,87.261,87.312,87.252,87.291,87.26279999999981,87.33641666666647,87.41370833333372,87.51410416666648
2022-09-12T20:20:00+09:00,87.285,87.346,87.285,87.325,87.2687999999998,87.32374999999979,87.4065833333337,87.50658333333315
2022-09-12T20:21:00+09:00,87.33,87.376,87.265,87.32,87.29179999999981,87.31158333333313,87.39691666666704,87.49958333333315
2022-09-12T20:22:00+09:00,87.322,87.371,87.285,87.29,87.29859999999982,87.3034999999998,87.39066666666703,87.49152083333315
2022-09-12T20:23:00+09:00,87.286,87.291,87.2,87.201,87.28539999999983,87.28983333333314,87.38187500000038,87.48227083333317
2022-09-12T20:24:00+09:00,87.2,87.282,87.19,87.281,87.28339999999982,87.27691666666647,87.37537500000037,87.47383333333318
2022-09-12T20:25:00+09:00,87.27,87.27,87.215,87.25,87.26839999999982,87.27066666666646,87.36341666666704,87.46514583333317
2022-09-12T20:26:00+09:00,87.247,87.316,87.175,87.27,87.25839999999981,87.27091666666645,87.35395833333371,87.45754166666649
2022-09-12T20:27:00+09:00,87.276,87.382,87.265,87.382,87.27679999999981,87.27816666666645,87.34966666666703,87.45216666666649